Final Outcome of the 2020 Leaving Certificate (Calculated Grades and Written Examinations),,,,,,,,,
ORDINARY LEVEL,,,,,,,,,
BOTH SCHOOL AND E10 CANDIDATES,,,,,,,,,
Subjects ,Grade ,Grade ,Grade ,Grade ,Grade ,Grade ,Grade ,Grade ,
,1,2,3,4,5,6,7,8,TOTALS  
,,,,,,,,,
    GAEILGE,451,2085,4622,6195,5453,3598,808,334,23546
,,,,,,,,,
    IRISH,1.9,8.9,19.6,26.3,23.2,15.3,3.4,1.4,
,,,,,,,,,
    TOTAL FEMALE,317,1243,2380,2745,2004,1026,208,77,10000
,,,,,,,,,
    % FEMALE ,3.2,12.4,23.8,27.5,20,10.3,2.1,0.8,
,,,,,,,,,
    TOTAL MALE,134,842,2242,3450,3449,2572,600,257,13546
,,,,,,,,,
    % MALE ,1,6.2,16.6,25.5,25.5,19,4.4,1.9,
-----------------------------------------------------------------------------------------------------------------------,,,,,,,,,
,,,,,,,,,
    BÉARLA,444,1582,3374,3966,3043,1756,323,151,14639
,,,,,,,,,
    ENGLISH,3,10.8,23,27.1,20.8,12,2.2,1,
,,,,,,,,,
    TOTAL FEMALE,272,811,1504,1445,887,416,72,28,5435
,,,,,,,,,
    % FEMALE ,5,14.9,27.7,26.6,16.3,7.7,1.3,0.5,
,,,,,,,,,
    TOTAL MALE,172,771,1870,2521,2156,1340,251,123,9204
,,,,,,,,,
    % MALE ,1.9,8.4,20.3,27.4,23.4,14.6,2.7,1.3,
-----------------------------------------------------------------------------------------------------------------------,,,,,,,,,
,,,,,,,,,
    MATAMAITIC,1563,4340,6998,7875,6657,4552,1292,585,33862
,,,,,,,,,
    MATHEMATICS,4.6,12.8,20.7,23.3,19.7,13.4,3.8,1.7,
,,,,,,,,,
    TOTAL FEMALE,1008,2619,3830,4041,3198,1932,488,206,17322
,,,,,,,,,
    % FEMALE ,5.8,15.1,22.1,23.3,18.5,11.2,2.8,1.2,
,,,,,,,,,
    TOTAL MALE,555,1721,3168,3834,3459,2620,804,379,16540
,,,,,,,,,
    % MALE ,3.4,10.4,19.2,23.2,20.9,15.8,4.9,2.3,
-----------------------------------------------------------------------------------------------------------------------,,,,,,,,,
,,,,,,,,,
    STAIR,132,320,540,621,601,444,95,72,2825
,,,,,,,,,
    HISTORY,4.7,11.3,19.1,22,21.3,15.7,3.4,2.5,
,,,,,,,,,
    TOTAL FEMALE,51,147,213,262,209,138,22,21,1063
,,,,,,,,,
    % FEMALE ,4.8,13.8,20,24.6,19.7,13,2.1,2,
,,,,,,,,,
    TOTAL MALE,81,173,327,359,392,306,73,51,1762
,,,,,,,,,
    % MALE ,4.6,9.8,18.6,20.4,22.2,17.4,4.1,2.9,
-----------------------------------------------------------------------------------------------------------------------,,,,,,,,,
,,,,,,,,,
    TÍREOLAÍOCHT,67,307,658,992,849,584,111,76,3644
,,,,,,,,,
    GEOGRAPHY,1.8,8.4,18.1,27.2,23.3,16,3,2.1,
,,,,,,,,,
    TOTAL FEMALE,27,124,260,354,297,188,39,23,1312
,,,,,,,,,
    % FEMALE ,2.1,9.5,19.8,27,22.6,14.3,3,1.8,
,,,,,,,,,
    TOTAL MALE,40,183,398,638,552,396,72,53,2332
,,,,,,,,,
    % MALE ,1.7,7.8,17.1,27.4,23.7,17,3.1,2.3,
-----------------------------------------------------------------------------------------------------------------------,,,,,,,,,
,,,,,,,,,
    LÉANN CLASAICEACH,1,2,2,11,8,3,0,1,28
,,,,,,,,,
    CLASSICAL STUDIES,3.6,7.1,7.1,39.3,28.6,10.7,0,3.6,
,,,,,,,,,
    TOTAL FEMALE,0,2,2,6,2,3,0,1,16
,,,,,,,,,
    % FEMALE ,0,12.5,12.5,37.5,12.5,18.8,0,6.3,
,,,,,,,,,
    TOTAL MALE,1,0,0,5,6,0,0,0,12
,,,,,,,,,
    % MALE ,8.3,0,0,41.7,50,0,0,0,
-----------------------------------------------------------------------------------------------------------------------,,,,,,,,,
,,,,,,,,,
    FRAINCIS,110,588,1321,1714,1447,903,176,102,6361
,,,,,,,,,
    FRENCH,1.7,9.2,20.8,26.9,22.7,14.2,2.8,1.6,
,,,,,,,,,
    TOTAL FEMALE,77,359,793,901,671,392,69,39,3301
,,,,,,,,,
    % FEMALE ,2.3,10.9,24,27.3,20.3,11.9,2.1,1.2,
,,,,,,,,,
    TOTAL MALE,33,229,528,813,776,511,107,63,3060
,,,,,,,,,
    % MALE ,1.1,7.5,17.3,26.6,25.4,16.7,3.5,2.1,
-----------------------------------------------------------------------------------------------------------------------,,,,,,,,,
,,,,,,,,,
    GEARMÁINIS,38,167,354,490,436,342,64,31,1922
,,,,,,,,,
    GERMAN,2,8.7,18.4,25.5,22.7,17.8,3.3,1.6,
,,,,,,,,,
    TOTAL FEMALE,21,89,155,209,178,115,21,7,795
,,,,,,,,,
    % FEMALE ,2.6,11.2,19.5,26.3,22.4,14.5,2.6,0.9,
,,,,,,,,,
    TOTAL MALE,17,78,199,281,258,227,43,24,1127
,,,,,,,,,
    % MALE ,1.5,6.9,17.7,24.9,22.9,20.1,3.8,2.1,
-----------------------------------------------------------------------------------------------------------------------,,,,,,,,,
,,,,,,,,,
    SPÁINNIS,41,216,450,535,432,255,64,32,2025
,,,,,,,,,
    SPANISH,2,10.7,22.2,26.4,21.3,12.6,3.2,1.6,
,,,,,,,,,
    TOTAL FEMALE,25,127,207,256,171,109,24,11,930
,,,,,,,,,
    % FEMALE ,2.7,13.7,22.3,27.5,18.4,11.7,2.6,1.2,
,,,,,,,,,
    TOTAL MALE,16,89,243,279,261,146,40,21,1095
,,,,,,,,,
    % MALE ,1.5,8.1,22.2,25.5,23.8,13.3,3.7,1.9,
-----------------------------------------------------------------------------------------------------------------------,,,,,,,,,
,,,,,,,,,
    IODÁILIS,0,9,16,17,14,9,3,2,70
,,,,,,,,,
    ITALIAN,0,12.9,22.9,24.3,20,12.9,4.3,2.9,
,,,,,,,,,
    TOTAL FEMALE,0,7,11,9,3,4,2,2,38
,,,,,,,,,
    % FEMALE ,0,18.4,28.9,23.7,7.9,10.5,5.3,5.3,
,,,,,,,,,
    TOTAL MALE,0,2,5,8,11,5,1,0,32
,,,,,,,,,
    % MALE ,0,6.3,15.6,25,34.4,15.6,3.1,0,
-----------------------------------------------------------------------------------------------------------------------,,,,,,,,,
,,,,,,,,,
    EALAÍN,51,141,299,355,301,224,55,78,1504
,,,,,,,,,
    ART,3.4,9.4,19.9,23.6,20,14.9,3.7,5.2,
,,,,,,,,,
    TOTAL FEMALE,30,79,170,171,125,81,14,28,698
,,,,,,,,,
    % FEMALE ,4.3,11.3,24.4,24.5,17.9,11.6,2,4,
,,,,,,,,,
    TOTAL MALE,21,62,129,184,176,143,41,50,806
,,,,,,,,,
    % MALE ,2.6,7.7,16,22.8,21.8,17.7,5.1,6.2,
-----------------------------------------------------------------------------------------------------------------------,,,,,,,,,
,,,,,,,,,
    MATAMAITIC FHEIDHMEACH,24,14,10,7,3,6,0,3,67
,,,,,,,,,
    APPLIED MATHEMATIC,35.8,20.9,14.9,10.4,4.5,9,0,4.5,
,,,,,,,,,
    TOTAL FEMALE,4,3,1,2,0,1,0,0,11
,,,,,,,,,
    % FEMALE ,36.4,27.3,9.1,18.2,0,9.1,0,0,
,,,,,,,,,
    TOTAL MALE,20,11,9,5,3,5,0,3,56
,,,,,,,,,
    % MALE ,35.7,19.6,16.1,8.9,5.4,8.9,0,5.4,
-----------------------------------------------------------------------------------------------------------------------,,,,,,,,,
,,,,,,,,,
    FISIC,57,128,200,231,201,154,50,39,1060
,,,,,,,,,
    PHYSICS,5.4,12.1,18.9,21.8,19,14.5,4.7,3.7,
,,,,,,,,,
    TOTAL FEMALE,16,30,41,46,28,19,7,4,191
,,,,,,,,,
    % FEMALE ,8.4,15.7,21.5,24.1,14.7,9.9,3.7,2.1,
,,,,,,,,,
    TOTAL MALE,41,98,159,185,173,135,43,35,869
,,,,,,,,,
    % MALE ,4.7,11.3,18.3,21.3,19.9,15.5,4.9,4,
-----------------------------------------------------------------------------------------------------------------------,,,,,,,,,
,,,,,,,,,
    CEIMIC,39,123,176,183,212,139,48,46,966
,,,,,,,,,
    CHEMISTRY,4,12.7,18.2,18.9,21.9,14.4,5,4.8,
,,,,,,,,,
    TOTAL FEMALE,26,69,91,89,111,57,17,14,474
,,,,,,,,,
    % FEMALE ,5.5,14.6,19.2,18.8,23.4,12,3.6,3,
,,,,,,,,,
    TOTAL MALE,13,54,85,94,101,82,31,32,492
,,,,,,,,,
    % MALE ,2.6,11,17.3,19.1,20.5,16.7,6.3,6.5,
-----------------------------------------------------------------------------------------------------------------------,,,,,,,,,
,,,,,,,,,
    FISIC & CEIMIC,3,4,12,12,5,14,7,12,69
,,,,,,,,,
    PHYSICS & CHEMISTRY,4.3,5.8,17.4,17.4,7.2,20.3,10.1,17.4,
,,,,,,,,,
    TOTAL FEMALE,3,3,7,5,2,4,3,3,30
,,,,,,,,,
    % FEMALE ,10,10,23.3,16.7,6.7,13.3,10,10,
,,,,,,,,,
    TOTAL MALE,0,1,5,7,3,10,4,9,39
,,,,,,,,,
    % MALE ,0,2.6,12.8,17.9,7.7,25.6,10.3,23.1,
-----------------------------------------------------------------------------------------------------------------------,,,,,,,,,
,,,,,,,,,
    EOLAÍOCHT TALMHAÍOCHTA,9,68,179,242,295,228,56,53,1130
,,,,,,,,,
    AGRICULTURAL SCIENCE,0.8,6,15.8,21.4,26.1,20.2,5,4.7,
,,,,,,,,,
    TOTAL FEMALE,2,30,53,61,71,60,12,13,302
,,,,,,,,,
    % FEMALE ,0.7,9.9,17.5,20.2,23.5,19.9,4,4.3,
,,,,,,,,,
    TOTAL MALE,7,38,126,181,224,168,44,40,828
,,,,,,,,,
    % MALE ,0.8,4.6,15.2,21.9,27.1,20.3,5.3,4.8,
-----------------------------------------------------------------------------------------------------------------------,,,,,,,,,
,,,,,,,,,
    BITHEOLAÍOCHT,49,350,785,1207,1314,1061,326,178,5270
,,,,,,,,,
    BIOLOGY,0.9,6.6,14.9,22.9,24.9,20.1,6.2,3.4,
,,,,,,,,,
    TOTAL FEMALE,31,191,445,640,645,461,141,62,2616
,,,,,,,,,
    % FEMALE ,1.2,7.3,17,24.5,24.7,17.6,5.4,2.4,
,,,,,,,,,
    TOTAL MALE,18,159,340,567,669,600,185,116,2654
,,,,,,,,,
    % MALE ,0.7,6,12.8,21.4,25.2,22.6,7,4.4,
-----------------------------------------------------------------------------------------------------------------------,,,,,,,,,
,,,,,,,,,
    INNEALTÓIREACHT,13,69,165,178,166,110,31,47,779
,,,,,,,,,
    ENGINEERING,1.7,8.9,21.2,22.8,21.3,14.1,4,6,
,,,,,,,,,
    TOTAL FEMALE,1,7,17,19,11,5,0,2,62
,,,,,,,,,
    % FEMALE ,1.6,11.3,27.4,30.6,17.7,8.1,0,3.2,
,,,,,,,,,
    TOTAL MALE,12,62,148,159,155,105,31,45,717
,,,,,,,,,
    % MALE ,1.7,8.6,20.6,22.2,21.6,14.6,4.3,6.3,
-----------------------------------------------------------------------------------------------------------------------,,,,,,,,,
,,,,,,,,,
    STAIDÉAR FOIRGNÍOCHTA,27,94,204,261,250,192,63,53,1144
,,,,,,,,,
    CONSTRUCTION STUDIES,2.4,8.2,17.8,22.8,21.9,16.8,5.5,4.6,
,,,,,,,,,
    TOTAL FEMALE,4,14,39,38,29,14,9,10,157
,,,,,,,,,
    % FEMALE ,2.5,8.9,24.8,24.2,18.5,8.9,5.7,6.4,
,,,,,,,,,
    TOTAL MALE,23,80,165,223,221,178,54,43,987
,,,,,,,,,
    % MALE ,2.3,8.1,16.7,22.6,22.4,18,5.5,4.4,
-----------------------------------------------------------------------------------------------------------------------,,,,,,,,,
,,,,,,,,,
    CUNTASAÍOCHT,301,399,338,264,206,164,62,56,1790
,,,,,,,,,
    ACCOUNTING,16.8,22.3,18.9,14.7,11.5,9.2,3.5,3.1,
,,,,,,,,,
    TOTAL FEMALE,178,201,173,106,82,67,24,18,849
,,,,,,,,,
    % FEMALE ,21,23.7,20.4,12.5,9.7,7.9,2.8,2.1,
,,,,,,,,,
    TOTAL MALE,123,198,165,158,124,97,38,38,941
,,,,,,,,,
    % MALE ,13.1,21,17.5,16.8,13.2,10.3,4,4,
-----------------------------------------------------------------------------------------------------------------------,,,,,,,,,
,,,,,,,,,
    GNÓ,94,285,579,598,545,411,97,67,2676
,,,,,,,,,
    BUSINESS,3.5,10.7,21.6,22.3,20.4,15.4,3.6,2.5,
,,,,,,,,,
    TOTAL FEMALE,44,136,263,256,205,167,35,23,1129
,,,,,,,,,
    % FEMALE ,3.9,12,23.3,22.7,18.2,14.8,3.1,2,
,,,,,,,,,
    TOTAL MALE,50,149,316,342,340,244,62,44,1547
,,,,,,,,,
    % MALE ,3.2,9.6,20.4,22.1,22,15.8,4,2.8,
-----------------------------------------------------------------------------------------------------------------------,,,,,,,,,
,,,,,,,,,
    EACNAMAÍOCHT,36,111,152,122,109,100,15,20,665
,,,,,,,,,
    ECONOMICS,5.4,16.7,22.9,18.3,16.4,15,2.3,3,
,,,,,,,,,
    TOTAL FEMALE,17,49,45,33,37,32,4,3,220
,,,,,,,,,
    % FEMALE ,7.7,22.3,20.5,15,16.8,14.5,1.8,1.4,
,,,,,,,,,
    TOTAL MALE,19,62,107,89,72,68,11,17,445
,,,,,,,,,
    % MALE ,4.3,13.9,24,20,16.2,15.3,2.5,3.8,
-----------------------------------------------------------------------------------------------------------------------,,,,,,,,,
,,,,,,,,,
    SEAPÁINIS,1,4,5,5,8,8,2,2,35
,,,,,,,,,
    JAPANESE,2.9,11.4,14.3,14.3,22.9,22.9,5.7,5.7,
,,,,,,,,,
    TOTAL FEMALE,0,2,3,2,2,5,0,0,14
,,,,,,,,,
    % FEMALE ,0,14.3,21.4,14.3,14.3,35.7,0,0,
,,,,,,,,,
    TOTAL MALE,1,2,2,3,6,3,2,2,21
,,,,,,,,,
    % MALE ,4.8,9.5,9.5,14.3,28.6,14.3,9.5,9.5,
-----------------------------------------------------------------------------------------------------------------------,,,,,,,,,
,,,,,,,,,
    TEICNEOLAÍOCHT,2,15,41,35,27,23,7,11,161
,,,,,,,,,
    TECHNOLOGY,1.2,9.3,25.5,21.7,16.8,14.3,4.3,6.8,
,,,,,,,,,
    TOTAL FEMALE,0,2,6,8,5,2,0,0,23
,,,,,,,,,
    % FEMALE ,0,8.7,26.1,34.8,21.7,8.7,0,0,
,,,,,,,,,
    TOTAL MALE,2,13,35,27,22,21,7,11,138
,,,,,,,,,
    % MALE ,1.4,9.4,25.4,19.6,15.9,15.2,5.1,8,
-----------------------------------------------------------------------------------------------------------------------,,,,,,,,,
,,,,,,,,,
    CEOL,16,62,122,98,66,37,11,15,427
,,,,,,,,,
    MUSIC,3.7,14.5,28.6,23,15.5,8.7,2.6,3.5,
,,,,,,,,,
    TOTAL FEMALE,9,36,66,50,35,18,4,3,221
,,,,,,,,,
    % FEMALE ,4.1,16.3,29.9,22.6,15.8,8.1,1.8,1.4,
,,,,,,,,,
    TOTAL MALE,7,26,56,48,31,19,7,12,206
,,,,,,,,,
    % MALE ,3.4,12.6,27.2,23.3,15,9.2,3.4,5.8,
-----------------------------------------------------------------------------------------------------------------------,,,,,,,,,
,,,,,,,,,
    EACNAMAÍOCHT BHAILE EOLAÍOCH AGUS SÓISIALTA,6,79,285,473,428,270,128,70,1739
,,,,,,,,,
    HOME ECONOMICS S & S,0.3,4.5,16.4,27.2,24.6,15.5,7.4,4,
,,,,,,,,,
    TOTAL FEMALE,5,68,237,359,286,183,63,34,1235
,,,,,,,,,
    % FEMALE ,0.4,5.5,19.2,29.1,23.2,14.8,5.1,2.8,
,,,,,,,,,
    TOTAL MALE,1,11,48,114,142,87,65,36,504
,,,,,,,,,
    % MALE ,0.2,2.2,9.5,22.6,28.2,17.3,12.9,7.1,
-----------------------------------------------------------------------------------------------------------------------,,,,,,,,,
,,,,,,,,,
    OIDEACHAS REILIGIÚNACH,1,4,21,28,20,30,2,4,110
,,,,,,,,,
    RELIGIOUS EDUCATION,0.9,3.6,19.1,25.5,18.2,27.3,1.8,3.6,
,,,,,,,,,
    TOTAL FEMALE,0,3,13,15,11,17,0,0,59
,,,,,,,,,
    % FEMALE ,0,5.1,22,25.4,18.6,28.8,0,0,
,,,,,,,,,
    TOTAL MALE,1,1,8,13,9,13,2,4,51
,,,,,,,,,
    % MALE ,2,2,15.7,25.5,17.6,25.5,3.9,7.8,
-----------------------------------------------------------------------------------------------------------------------,,,,,,,,,
,,,,,,,,,
    CORPOIDEACHAS,3,7,13,12,14,25,7,9,90
,,,,,,,,,
    PHYSICAL EDUCATION,3.3,7.8,14.4,13.3,15.6,27.8,7.8,10,
,,,,,,,,,
    TOTAL FEMALE,1,2,2,4,6,6,1,1,23
,,,,,,,,,
    % FEMALE ,4.3,8.7,8.7,17.4,26.1,26.1,4.3,4.3,
,,,,,,,,,
    TOTAL MALE,2,5,11,8,8,19,6,8,67
,,,,,,,,,
    % MALE ,3,7.5,16.4,11.9,11.9,28.4,9,11.9,
-----------------------------------------------------------------------------------------------------------------------,,,,,,,,,
,,,,,,,,,
    GRAFAIC DHEARAIDH AGUS CHUMARSÁIDE,49,148,208,213,134,101,34,39,926
,,,,,,,,,
    DESIGN & COMMUNICATION  GRAPHCS,5.3,16,22.5,23,14.5,10.9,3.7,4.2,
,,,,,,,,,
    TOTAL FEMALE,9,22,23,20,13,10,2,3,102
,,,,,,,,,
    % FEMALE ,8.8,21.6,22.5,19.6,12.7,9.8,2,2.9,
,,,,,,,,,
    TOTAL MALE,40,126,185,193,121,91,32,36,824
,,,,,,,,,
    % MALE ,4.9,15.3,22.5,23.4,14.7,11,3.9,4.4,
-----------------------------------------------------------------------------------------------------------------------,,,,,,,,,
,,,,,,,,,
    AN PHOLAITÍOCHT AGUS AN tSOCHAÍ,2,14,32,43,52,51,12,8,214
,,,,,,,,,
    POLITICS AND SOCIETY,0.9,6.5,15,20.1,24.3,23.8,5.6,3.7,
,,,,,,,,,
    TOTAL FEMALE,1,10,19,27,21,22,4,3,107
,,,,,,,,,
    % FEMALE ,0.9,9.3,17.8,25.2,19.6,20.6,3.7,2.8,
,,,,,,,,,
    TOTAL MALE,1,4,13,16,31,29,8,5,107
,,,,,,,,,
    % MALE ,0.9,3.7,12.1,15,29,27.1,7.5,4.7,
-----------------------------------------------------------------------------------------------------------------------,,,,,,,,,
