2021 LEAVING CERTIFICATE STATISTICS,,,,,,,,,
ORDINARY LEVEL,,,,,,,,,
BOTH SCHOOL AND E10 CANDIDATES,,,,,,,,,
Subjects ,Grade ,Grade ,Grade ,Grade ,Grade ,Grade ,Grade ,Grade ,
,1,2,3,4,5,6,7,8,TOTALS  
,,,,,,,,,
    GAEILGE,691,2553,5145,6139,4917,2876,613,367,23301
,,,,,,,,,
    IRISH,3,11,22.1,26.3,21.1,12.3,2.6,1.6,
,,,,,,,,,
    TOTAL FEMALE,460,1461,2530,2484,1654,853,165,118,9725
,,,,,,,,,
    % FEMALE ,4.7,15,26,25.5,17,8.8,1.7,1.2,
,,,,,,,,,
    TOTAL MALE,231,1092,2615,3655,3263,2023,448,249,13576
,,,,,,,,,
    % MALE ,1.7,8,19.3,26.9,24,14.9,3.3,1.8,
-----------------------------------------------------------------------------------------------------------------------,,,,,,,,,
,,,,,,,,,
    BÉARLA,758,2091,3627,3656,2327,1181,269,220,14129
,,,,,,,,,
    ENGLISH,5.4,14.8,25.7,25.9,16.5,8.4,1.9,1.6,
,,,,,,,,,
    TOTAL FEMALE,398,1030,1474,1266,658,326,80,87,5319
,,,,,,,,,
    % FEMALE ,7.5,19.4,27.7,23.8,12.4,6.1,1.5,1.6,
,,,,,,,,,
    TOTAL MALE,360,1061,2153,2390,1669,855,189,133,8810
,,,,,,,,,
    % MALE ,4.1,12,24.4,27.1,18.9,9.7,2.1,1.5,
-----------------------------------------------------------------------------------------------------------------------,,,,,,,,,
,,,,,,,,,
    MATAMAITIC,2322,4866,7074,7025,5870,3674,947,541,32319
,,,,,,,,,
    MATHEMATICS,7.2,15.1,21.9,21.7,18.2,11.4,2.9,1.7,
,,,,,,,,,
    TOTAL FEMALE,1476,2880,3751,3491,2657,1500,388,222,16365
,,,,,,,,,
    % FEMALE ,9,17.6,22.9,21.3,16.2,9.2,2.4,1.4,
,,,,,,,,,
    TOTAL MALE,846,1986,3323,3534,3213,2174,559,319,15954
,,,,,,,,,
    % MALE ,5.3,12.5,20.8,22.1,20.1,13.6,3.5,2,
-----------------------------------------------------------------------------------------------------------------------,,,,,,,,,
,,,,,,,,,
    STAIR,182,312,491,542,443,314,112,102,2498
,,,,,,,,,
    HISTORY,7.3,12.5,19.7,21.7,17.7,12.6,4.5,4.1,
,,,,,,,,,
    TOTAL FEMALE,101,123,182,210,159,101,35,39,950
,,,,,,,,,
    % FEMALE ,10.6,12.9,19.2,22.1,16.7,10.6,3.7,4.1,
,,,,,,,,,
    TOTAL MALE,81,189,309,332,284,213,77,63,1548
,,,,,,,,,
    % MALE ,5.2,12.2,20,21.4,18.3,13.8,5,4.1,
-----------------------------------------------------------------------------------------------------------------------,,,,,,,,,
,,,,,,,,,
    TÍREOLAÍOCHT,96,295,597,721,708,501,147,152,3217
,,,,,,,,,
    GEOGRAPHY,3,9.2,18.5,22.4,22,15.6,4.6,4.7,
,,,,,,,,,
    TOTAL FEMALE,50,133,213,277,272,152,47,71,1215
,,,,,,,,,
    % FEMALE ,4.1,10.9,17.5,22.8,22.4,12.5,3.9,5.8,
,,,,,,,,,
    TOTAL MALE,46,162,384,444,436,349,100,81,2002
,,,,,,,,,
    % MALE ,2.3,8.1,19.1,22.2,21.8,17.4,5,4,
-----------------------------------------------------------------------------------------------------------------------,,,,,,,,,
,,,,,,,,,
    LÉANN CLASAICEACH,3,6,8,3,4,7,6,2,39
,,,,,,,,,
    CLASSICAL STUDIES,7.7,15.4,20.5,7.7,10.3,17.9,15.4,5.1,
,,,,,,,,,
    TOTAL FEMALE,3,4,7,2,2,2,2,2,24
,,,,,,,,,
    % FEMALE ,12.5,16.7,29.2,8.3,8.3,8.3,8.3,8.3,
,,,,,,,,,
    TOTAL MALE,0,2,1,1,2,5,4,0,15
,,,,,,,,,
    % MALE ,0,13.3,6.7,6.7,13.3,33.3,26.7,0,
-----------------------------------------------------------------------------------------------------------------------,,,,,,,,,
,,,,,,,,,
    FRAINCIS,138,580,1211,1415,1099,686,156,118,5403
,,,,,,,,,
    FRENCH,2.6,10.7,22.4,26.2,20.3,12.7,2.9,2.2,
,,,,,,,,,
    TOTAL FEMALE,82,338,637,764,518,312,60,51,2762
,,,,,,,,,
    % FEMALE ,3,12.2,23.1,27.7,18.8,11.3,2.2,1.8,
,,,,,,,,,
    TOTAL MALE,56,242,574,651,581,374,96,67,2641
,,,,,,,,,
    % MALE ,2.1,9.2,21.7,24.6,22,14.2,3.6,2.5,
-----------------------------------------------------------------------------------------------------------------------,,,,,,,,,
,,,,,,,,,
    GEARMÁINIS,56,207,401,435,314,204,44,34,1695
,,,,,,,,,
    GERMAN,3.3,12.2,23.6,25.6,18.5,12,2.6,2.1,
,,,,,,,,,
    TOTAL FEMALE,32,99,209,185,126,80,12,9,752
,,,,,,,,,
    % FEMALE ,4.3,13.2,27.8,24.6,16.8,10.6,1.6,1.2,
,,,,,,,,,
    TOTAL MALE,24,108,192,250,188,124,32,25,933
,,,,,,,,,
    % MALE ,2.5,11.4,20.3,26.5,19.9,13.1,3.4,2.8,
-----------------------------------------------------------------------------------------------------------------------,,,,,,,,,
,,,,,,,,,
    SPÁINNIS,79,278,466,431,354,211,52,37,1908
,,,,,,,,,
    SPANISH,4.1,14.6,24.4,22.6,18.6,11.1,2.7,1.9,
,,,,,,,,,
    TOTAL FEMALE,46,169,232,213,151,103,28,17,959
,,,,,,,,,
    % FEMALE ,4.8,17.6,24.2,22.2,15.7,10.7,2.9,1.8,
,,,,,,,,,
    TOTAL MALE,33,109,234,218,203,108,24,20,949
,,,,,,,,,
    % MALE ,3.5,11.5,24.7,23,21.4,11.4,2.5,2.1,
-----------------------------------------------------------------------------------------------------------------------,,,,,,,,,
,,,,,,,,,
    IODÁILIS,1,14,21,27,17,10,4,3,97
,,,,,,,,,
    ITALIAN,1,14.4,21.6,27.8,17.5,10.3,4.1,3.1,
,,,,,,,,,
    TOTAL FEMALE,0,8,16,20,13,5,3,0,65
,,,,,,,,,
    % FEMALE ,0,12.3,24.6,30.8,20,7.7,4.6,0,
,,,,,,,,,
    TOTAL MALE,1,6,5,7,4,5,1,3,32
,,,,,,,,,
    % MALE ,3.1,18.8,15.6,21.9,12.5,15.6,3.1,9.4,
-----------------------------------------------------------------------------------------------------------------------,,,,,,,,,
,,,,,,,,,
    EALAÍN,72,166,262,249,240,182,70,176,1417
,,,,,,,,,
    ART,5.1,11.7,18.5,17.6,16.9,12.8,4.9,12.4,
,,,,,,,,,
    TOTAL FEMALE,43,85,135,123,106,77,33,92,694
,,,,,,,,,
    % FEMALE ,6.2,12.2,19.5,17.7,15.3,11.1,4.8,13.3,
,,,,,,,,,
    TOTAL MALE,29,81,127,126,134,105,37,84,723
,,,,,,,,,
    % MALE ,4,11.2,17.6,17.4,18.5,14.5,5.1,11.6,
-----------------------------------------------------------------------------------------------------------------------,,,,,,,,,
,,,,,,,,,
    FISIC,41,104,137,166,127,119,34,50,778
,,,,,,,,,
    PHYSICS,5.3,13.4,17.6,21.3,16.3,15.3,4.4,6.4,
,,,,,,,,,
    TOTAL FEMALE,9,20,25,23,18,12,2,12,121
,,,,,,,,,
    % FEMALE ,7.4,16.5,20.7,19,14.9,9.9,1.7,9.9,
,,,,,,,,,
    TOTAL MALE,32,84,112,143,109,107,32,38,657
,,,,,,,,,
    % MALE ,4.9,12.8,17,21.8,16.6,16.3,4.9,5.8,
-----------------------------------------------------------------------------------------------------------------------,,,,,,,,,
,,,,,,,,,
    CEIMIC,43,93,148,179,135,148,46,65,857
,,,,,,,,,
    CHEMISTRY,5,10.9,17.3,20.9,15.8,17.3,5.4,7.6,
,,,,,,,,,
    TOTAL FEMALE,31,46,79,87,67,67,15,26,418
,,,,,,,,,
    % FEMALE ,7.4,11,18.9,20.8,16,16,3.6,6.2,
,,,,,,,,,
    TOTAL MALE,12,47,69,92,68,81,31,39,439
,,,,,,,,,
    % MALE ,2.7,10.7,15.7,21,15.5,18.5,7.1,8.9,
-----------------------------------------------------------------------------------------------------------------------,,,,,,,,,
,,,,,,,,,
    FISIC & CEIMIC,3,1,6,12,7,13,6,9,57
,,,,,,,,,
    PHYSICS & CHEMISTR,5.3,1.8,10.5,21.1,12.3,22.8,10.5,15.8,
,,,,,,,,,
    TOTAL FEMALE,1,1,4,5,1,2,1,5,20
,,,,,,,,,
    % FEMALE ,5,5,20,25,5,10,5,25,
,,,,,,,,,
    TOTAL MALE,2,0,2,7,6,11,5,4,37
,,,,,,,,,
    % MALE ,5.4,0,5.4,18.9,16.2,29.7,13.5,10.8,
-----------------------------------------------------------------------------------------------------------------------,,,,,,,,,
,,,,,,,,,
    EOLAÍOCHT TALMHAÍO,7,52,130,190,215,192,60,69,915
,,,,,,,,,
    AGRICULTURAL SCIEN,0.8,5.7,14.2,20.8,23.5,21,6.6,7.5,
,,,,,,,,,
    TOTAL FEMALE,2,19,36,55,61,50,20,23,266
,,,,,,,,,
    % FEMALE ,0.8,7.1,13.5,20.7,22.9,18.8,7.5,8.6,
,,,,,,,,,
    TOTAL MALE,5,33,94,135,154,142,40,46,649
,,,,,,,,,
    % MALE ,0.8,5.1,14.5,20.8,23.7,21.9,6.2,7.1,
-----------------------------------------------------------------------------------------------------------------------,,,,,,,,,
,,,,,,,,,
    BITHEOLAÍOCHT,70,286,638,969,1041,793,219,195,4211
,,,,,,,,,
    BIOLOGY,1.7,6.8,15.1,23,24.7,18.8,5.2,4.6,
,,,,,,,,,
    TOTAL FEMALE,41,171,345,512,544,407,96,93,2209
,,,,,,,,,
    % FEMALE ,1.9,7.7,15.6,23.2,24.6,18.4,4.3,4.2,
,,,,,,,,,
    TOTAL MALE,29,115,293,457,497,386,123,102,2002
,,,,,,,,,
    % MALE ,1.4,5.7,14.6,22.8,24.8,19.3,6.1,5.1,
-----------------------------------------------------------------------------------------------------------------------,,,,,,,,,
,,,,,,,,,
    INNEALTÓIREACHT,42,94,129,121,107,104,40,54,691
,,,,,,,,,
    ENGINEERING,6.1,13.6,18.7,17.5,15.5,15.1,5.8,7.8,
,,,,,,,,,
    TOTAL FEMALE,4,14,11,9,7,10,6,4,65
,,,,,,,,,
    % FEMALE ,6.2,21.5,16.9,13.8,10.8,15.4,9.2,6.2,
,,,,,,,,,
    TOTAL MALE,38,80,118,112,100,94,34,50,626
,,,,,,,,,
    % MALE ,6.1,12.8,18.8,17.9,16,15,5.4,8,
-----------------------------------------------------------------------------------------------------------------------,,,,,,,,,
,,,,,,,,,
    STAIDÉAR FOIRGNÍOC,13,67,168,165,200,187,73,130,1003
,,,,,,,,,
    CONSTRUCTION STUDI,1.3,6.7,16.7,16.5,19.9,18.6,7.3,13,
,,,,,,,,,
    TOTAL FEMALE,2,9,18,14,25,21,10,26,125
,,,,,,,,,
    % FEMALE ,1.6,7.2,14.4,11.2,20,16.8,8,20.8,
,,,,,,,,,
    TOTAL MALE,11,58,150,151,175,166,63,104,878
,,,,,,,,,
    % MALE ,1.3,6.6,17.1,17.2,19.9,18.9,7.2,11.8,
-----------------------------------------------------------------------------------------------------------------------,,,,,,,,,
,,,,,,,,,
    CUNTASAÍOCHT,350,304,278,180,117,128,35,62,1454
,,,,,,,,,
    ACCOUNTING,24,20.9,19.1,12.4,8.1,8.8,2.4,4.3,
,,,,,,,,,
    TOTAL FEMALE,201,155,137,84,46,55,11,21,710
,,,,,,,,,
    % FEMALE ,28.2,21.9,19.3,11.8,6.5,7.8,1.6,3,
,,,,,,,,,
    TOTAL MALE,149,149,141,96,71,73,24,41,744
,,,,,,,,,
    % MALE ,20,20,19,12.9,9.5,9.8,3.2,5.5,
-----------------------------------------------------------------------------------------------------------------------,,,,,,,,,
,,,,,,,,,
    GNÓ,144,299,499,519,457,334,103,105,2460
,,,,,,,,,
    BUSINESS,5.9,12.2,20.3,21.1,18.6,13.6,4.2,4.3,
,,,,,,,,,
    TOTAL FEMALE,81,142,208,229,176,129,38,51,1054
,,,,,,,,,
    % FEMALE ,7.7,13.5,19.7,21.7,16.7,12.2,3.6,4.8,
,,,,,,,,,
    TOTAL MALE,63,157,291,290,281,205,65,54,1406
,,,,,,,,,
    % MALE ,4.5,11.2,20.7,20.6,20,14.6,4.6,3.8,
-----------------------------------------------------------------------------------------------------------------------,,,,,,,,,
,,,,,,,,,
    EACNAMAÍOCHT,14,51,92,105,87,87,21,29,486
,,,,,,,,,
    ECONOMICS,2.9,10.5,18.9,21.6,17.9,17.9,4.3,6,
,,,,,,,,,
    TOTAL FEMALE,2,16,26,32,24,24,3,13,140
,,,,,,,,,
    % FEMALE ,1.4,11.4,18.6,22.9,17.1,17.1,2.1,9.3,
,,,,,,,,,
    TOTAL MALE,12,35,66,73,63,63,18,16,346
,,,,,,,,,
    % MALE ,3.5,10.1,19.1,21.1,18.2,18.2,5.2,4.6,
-----------------------------------------------------------------------------------------------------------------------,,,,,,,,,
,,,,,,,,,
    SEAPÁINIS,2,6,9,9,7,10,4,1,48
,,,,,,,,,
    JAPANESE,4.2,12.5,18.8,18.8,14.6,20.8,8.3,2.1,
,,,,,,,,,
    TOTAL FEMALE,1,2,3,3,3,2,1,0,15
,,,,,,,,,
    % FEMALE ,6.7,13.3,20,20,20,13.3,6.7,0,
,,,,,,,,,
    TOTAL MALE,1,4,6,6,4,8,3,1,33
,,,,,,,,,
    % MALE ,3,12.1,18.2,18.2,12.1,24.2,9.1,3,
-----------------------------------------------------------------------------------------------------------------------,,,,,,,,,
,,,,,,,,,
    TEICNEOLAÍOCHT,3,25,20,28,26,28,11,12,153
,,,,,,,,,
    TECHNOLOGY,2,16.3,13.1,18.3,17,18.3,7.2,7.8,
,,,,,,,,,
    TOTAL FEMALE,0,2,6,5,2,7,0,3,25
,,,,,,,,,
    % FEMALE ,0,8,24,20,8,28,0,12,
,,,,,,,,,
    TOTAL MALE,3,23,14,23,24,21,11,9,128
,,,,,,,,,
    % MALE ,2.3,18,10.9,18,18.8,16.4,8.6,7,
-----------------------------------------------------------------------------------------------------------------------,,,,,,,,,
,,,,,,,,,
    CEOL,29,98,97,77,38,48,13,25,425
,,,,,,,,,
    MUSIC,6.8,23.1,22.8,18.1,8.9,11.3,3.1,5.9,
,,,,,,,,,
    TOTAL FEMALE,21,53,58,39,19,28,4,13,235
,,,,,,,,,
    % FEMALE ,8.9,22.6,24.7,16.6,8.1,11.9,1.7,5.5,
,,,,,,,,,
    TOTAL MALE,8,45,39,38,19,20,9,12,190
,,,,,,,,,
    % MALE ,4.2,23.7,20.5,20,10,10.5,4.7,6.3,
-----------------------------------------------------------------------------------------------------------------------,,,,,,,,,
,,,,,,,,,
    EACNAMAÍOCHT BHAIL,47,149,325,380,344,269,75,90,1679
,,,,,,,,,
    HOME ECONOMICS S &,2.8,8.9,19.3,22.6,20.5,16,4.5,5.4,
,,,,,,,,,
    TOTAL FEMALE,37,125,242,293,238,165,45,56,1201
,,,,,,,,,
    % FEMALE ,3.1,10.4,20.1,24.4,19.8,13.7,3.7,4.7,
,,,,,,,,,
    TOTAL MALE,10,24,83,87,106,104,30,34,478
,,,,,,,,,
    % MALE ,2.1,5,17.2,18.2,22.2,21.8,6.3,7.1,
-----------------------------------------------------------------------------------------------------------------------,,,,,,,,,
,,,,,,,,,
    OIDEACHAS REILIGIÚ,0,5,8,16,19,24,4,7,83
,,,,,,,,,
    RELIGIOUS EDUCATIO,0,6,9.6,19.3,22.9,28.9,4.8,8.4,
,,,,,,,,,
    TOTAL FEMALE,0,3,2,12,16,13,2,5,53
,,,,,,,,,
    % FEMALE ,0,5.7,3.8,22.6,30.2,24.5,3.8,9.4,
,,,,,,,,,
    TOTAL MALE,0,2,6,4,3,11,2,2,30
,,,,,,,,,
    % MALE ,0,6.7,20,13.3,10,36.7,6.7,6.7,
-----------------------------------------------------------------------------------------------------------------------,,,,,,,,,
,,,,,,,,,
    CORPOIDEACHAS,0,9,13,17,15,25,6,14,99
,,,,,,,,,
    PHYSICAL EDUCATION,0,9.1,13.1,17.2,15.2,25.3,6.1,14.1,
,,,,,,,,,
    TOTAL FEMALE,0,3,1,5,2,4,1,3,19
,,,,,,,,,
    % FEMALE ,0,15.8,5.3,26.3,10.5,21.1,5.3,15.8,
,,,,,,,,,
    TOTAL MALE,0,6,12,12,13,21,5,11,80
,,,,,,,,,
    % MALE ,0,7.5,15,15,16.3,26.3,6.3,13.8,
-----------------------------------------------------------------------------------------------------------------------,,,,,,,,,
,,,,,,,,,
    GRAFAIC DHEARAIDH ,104,168,188,148,100,78,32,38,856
,,,,,,,,,
    DESIGN & COMMUNICA,12.1,19.6,22,17.3,11.7,9.1,3.7,4.4,
,,,,,,,,,
    TOTAL FEMALE,13,21,12,15,8,14,3,6,92
,,,,,,,,,
    % FEMALE ,14.1,22.8,13,16.3,8.7,15.2,3.3,6.5,
,,,,,,,,,
    TOTAL MALE,91,147,176,133,92,64,29,32,764
,,,,,,,,,
    % MALE ,11.9,19.2,23,17.4,12,8.4,3.8,4.2,
-----------------------------------------------------------------------------------------------------------------------,,,,,,,,,
,,,,,,,,,
    AN PHOLAITÍOCHT AG,3,12,44,42,42,45,20,22,230
,,,,,,,,,
    POLITICS AND SOCIE,1.3,5.2,19.1,18.3,18.3,19.6,8.7,9.6,
,,,,,,,,,
    TOTAL FEMALE,0,6,15,18,20,17,4,8,88
,,,,,,,,,
    % FEMALE ,0,6.8,17,20.5,22.7,19.3,4.5,9.1,
,,,,,,,,,
    TOTAL MALE,3,6,29,24,22,28,16,14,142
,,,,,,,,,
    % MALE ,2.1,4.2,20.4,16.9,15.5,19.7,11.3,9.9,
-----------------------------------------------------------------------------------------------------------------------,,,,,,,,,
