Subject,              Level,Year, Total,1,2,3,4,5,6,7,8
IRISH                  ,A,2024,23649,14.1,19.9,23.7,22.5,14.2,4.6,0.9,0.2
IRISH                  ,B,2024,2081,3.8,11,22.2,26.2,19.8,10.7,5.2,1.1
IRISH                  ,G,2024,21414,1.5,9.7,22.4,25.8,20.1,12.1,6,2.5
ENGLISH                ,A,2024,42728,6.9,17.5,29.3,28.4,13.7,3.6,0.5,0.2
ENGLISH                ,G,2024,13248,4.1,15.7,30.1,25.2,13.8,7.7,1.5,1.9
MATHEMATICS            ,A,2024,20330,12.6,15.8,20.5,22.5,17.3,7.9,2.6,0.8
MATHEMATICS            ,B,2024,3332,11.6,20.8,26.6,20,12,5.9,2.3,0.9
MATHEMATICS            ,G,2024,32362,9.8,19.3,23.8,21.2,13.7,7.2,3.5,1.5
HISTORY                ,A,2024,9574,14,19.1,23.4,19.6,14.3,6.8,2.3,0.5
HISTORY                ,G,2024,2839,5.2,11.8,20.3,26.8,22.2,8.6,4.3,0.7
GEOGRAPHY              ,A,2024,15687,11.2,19.5,24.9,23.2,14.6,5.3,1,0.2
GEOGRAPHY              ,G,2024,2964,4.8,12,23.8,28.8,19.4,8.1,2.7,0.4
LATIN                  ,A,2024,61,34.4,24.6,8.2,11.5,13.1,6.6,0,1.6
ANCIENT GREEK          ,A,2024,17,29.4,5.9,52.9,5.9,5.9,0,0,0
CLASSICAL STUDIES      ,A,2024,628,16.2,25.6,21.3,17.2,10.8,5.7,1.8,1.3
CLASSICAL STUDIES      ,G,2024,50,8,14,16,14,20,12,10,6
FRENCH                 ,A,2024,13318,16.3,18.4,21.6,20.7,14.4,6.5,1.8,0.2
FRENCH                 ,G,2024,4633,1.7,13.4,26,26.2,19.1,9.3,3.2,1
GERMAN                 ,A,2024,5484,15.7,16.6,17.8,19.3,17.1,9.7,3.2,0.7
GERMAN                 ,G,2024,1549,2.3,13.6,25.5,27.4,17.6,8.2,3.6,1.8
SPANISH                ,A,2024,7978,15.7,16.6,19,21,16.7,8.2,2.3,0.5
SPANISH                ,G,2024,2331,3.1,15.1,27,26.3,15.2,8.4,3.5,1.3
ITALIAN                ,A,2024,457,44.9,18.8,13.1,9.6,8.1,3.5,1.5,0.4
ITALIAN                ,G,2024,62,3.2,22.6,21,37.1,8.1,4.8,0,3.2
ART                    ,A,2024,8451,15,24.9,25.9,20.1,9.7,3.1,0.6,0.7
ART                    ,G,2024,1408,8.5,27.6,33,13.4,6.7,4,2,4.8
DUTCH                  ,A,2024,34,23.5,35.3,11.8,11.8,2.9,2.9,2.9,8.8
PORTUGUESE             ,A,2024,276,69.2,19.2,3.6,4,1.1,2.2,0.7,0
MODERN GREEK           ,A,2024,12,41.7,16.7,8.3,25,0,8.3,0,0
APPLIED MATHEMATICS    ,A,2024,1710,28.4,24.9,19.6,13.1,8.3,3.5,1.6,0.6
APPLIED MATHEMATICS    ,G,2024,33,21.2,9.1,18.2,18.2,15.2,9.1,6.1,3
PHYSICS                ,A,2024,6009,20.7,16.7,14.3,14,13.7,11.6,5.7,3.4
PHYSICS                ,G,2024,1301,9.7,18,20.5,17.4,12.1,7.8,6.5,8
CHEMISTRY              ,A,2024,7939,22,16.5,13.6,13.1,11.8,10.9,6.8,5.3
CHEMISTRY              ,G,2024,1478,5.8,10.7,14.9,17.4,18.3,13.4,11.2,8.3
PHYSICS & CHEMISTRY    ,A,2024,309,7.4,11.7,15.5,16.8,16.8,14.6,6.8,10.4
PHYSICS & CHEMISTRY    ,G,2024,67,3,3,13.4,16.4,17.9,13.4,11.9,20.9
AGRICULTURAL SCIENCE   ,A,2024,5501,13.6,24.4,25.6,18.8,11.5,4.4,1.2,0.3
AGRICULTURAL SCIENCE   ,G,2024,917,0.7,7.7,22.9,31.3,21,11.7,3.9,0.8
BIOLOGY                ,A,2024,28461,19,16.1,15.3,15.1,13.8,12.1,6.1,2.5
BIOLOGY                ,G,2024,4750,3.3,14.8,29.1,26,14.9,7.4,3.1,1.5
ENGINEERING            ,A,2024,5559,14,22.1,25.4,21.9,10.6,4.5,1,0.4
ENGINEERING            ,G,2024,776,2.4,15.5,23.8,23.6,16.6,8.9,5.9,3.2
CONSTRUCTION STUDIES   ,A,2024,9517,8.3,23.3,28.7,21.4,11.8,4.5,1.5,0.5
CONSTRUCTION STUDIES   ,G,2024,1010,0.4,6.8,25.2,25.8,18.5,10.4,7.7,5
ACCOUNTING             ,A,2024,5251,19.9,21.1,16.1,12.5,10.6,9.9,4.2,5.7
ACCOUNTING             ,G,2024,2187,19,14.4,13.2,11.3,10.4,11.7,6.9,13.2
BUSINESS               ,A,2024,16565,11.5,17.6,17.7,16.9,14.9,13.4,5.3,2.7
BUSINESS               ,G,2024,3219,5.3,14.8,22.1,22.4,17.3,9.9,4.8,3.4
ECONOMICS              ,A,2024,4264,10.4,24,21.8,18.9,14.2,7,2.9,0.9
ECONOMICS              ,G,2024,480,5.2,20.4,25.4,24.6,13.5,6.9,2.7,1.3
SWEDISH                ,A,2024,18,11.1,44.4,11.1,22.2,5.6,0,0,5.6
JAPANESE               ,A,2024,278,33.1,15.8,19.1,10.8,13.7,4,2.9,0.7
JAPANESE               ,G,2024,59,1.7,10.2,23.7,25.4,16.9,13.6,8.5,0
ARABIC                 ,A,2024,256,7.8,16.8,20.7,18,8.6,15.2,2.3,10.5
ARABIC                 ,G,2024,34,5.9,8.8,20.6,14.7,14.7,11.8,2.9,20.6
TECHNOLOGY             ,A,2024,2128,17,23.2,23.1,18.9,10.6,4.4,1.9,1
TECHNOLOGY             ,G,2024,169,4.1,17.2,16,20.1,15.4,13.6,7.1,6.5
MUSIC                  ,A,2024,6029,20,41.4,24.8,10.2,2.7,0.6,0.1,0.2
MUSIC                  ,G,2024,501,6.2,25.3,30.7,21.8,11.2,2.4,2,0.4
HOME ECONOMICS S & S   ,A,2024,8275,13.4,23.2,23.3,19.4,12.9,5.7,1.6,0.5
HOME ECONOMICS S & S   ,G,2024,1800,3.7,15.6,25.4,22.1,17.8,9.7,3.7,2
RUSSIAN                ,A,2024,833,77.6,11.6,6.1,3,1.1,0.5,0.1,0
RUSSIAN                ,G,2024,22,45.5,36.4,13.6,0,0,0,4.5,0
COMPUTER SCIENCE       ,A,2024,2470,16.3,23.9,22.6,16.8,10,5.9,2.9,1.7
COMPUTER SCIENCE       ,G,2024,349,13.2,22.6,22.3,13.8,12.6,7.4,3.7,4.3
RELIGIOUS EDUCATION    ,A,2024,1154,11.2,24.4,29.5,19.6,10.7,3.5,0.7,0.5
RELIGIOUS EDUCATION    ,G,2024,96,1,8.3,21.9,20.8,19.8,15.6,8.3,4.2
PHYSICAL EDUCATION     ,A,2024,7392,10.8,28.8,25.1,19.5,10.7,3.6,0.9,0.7
PHYSICAL EDUCATION     ,G,2024,634,2.4,13.7,26.2,22.2,12.6,10.7,6.6,5.5
CZECH                  ,A,2024,15,46.7,13.3,20,13.3,6.7,0,0,0
POLISH                 ,A,2024,998,41.6,30.2,16.7,7,1.9,0.8,1.3,0.5
POLISH                 ,G,2024,52,32.7,26.9,13.5,15.4,7.7,0,3.8,0
LATVIAN                ,A,2024,52,36.5,9.6,13.5,5.8,11.5,7.7,7.7,7.7
LITHUANIAN             ,A,2024,251,61.8,18.3,8.8,7.6,1.6,1.2,0.8,0
LITHUANIAN             ,G,2024,14,35.7,14.3,28.6,14.3,0,7.1,0,0
HUNGARIAN              ,A,2024,35,17.1,25.7,8.6,5.7,8.6,14.3,8.6,11.4
ROMANIAN               ,A,2024,421,27.3,23.3,24.2,12.6,7.8,3.1,0.5,1.2
SLOVAKIAN              ,A,2024,28,35.7,14.3,21.4,14.3,3.6,7.1,3.6,0
BULGARIAN              ,A,2024,27,18.5,29.6,25.9,3.7,18.5,0,0,3.7
DESIGN & COMMUNICATION ,A,2024,5371,17.3,23,24.5,19.2,10.1,3.6,1.6,0.7
DESIGN & COMMUNICATION ,G,2024,793,14.5,20.9,25.5,16.5,9.8,4.5,4.3,3.9
MANDARIN CHINESE       ,A,2024,337,95,2.7,0.9,0.3,0.3,0.6,0.3,0
CROATIAN               ,A,2024,102,27.5,26.5,17.6,10.8,9.8,5.9,0,2
POLITICS AND SOCIETY   ,A,2024,2350,13.4,25.5,25.4,18.3,9.1,5.8,1.3,1.2
POLITICS AND SOCIETY   ,G,2024,296,1.7,10.1,23.6,23,21.3,11.5,5.4,3.4
,,,,,,,,,,,
IRISH                  ,A,2023,23899,15.7,21.8,23.7,21.1,12.8,4.1,0.7,0.1
IRISH                  ,B,2023,2408,4.2,12.7,21.1,24,19,11.7,5.8,1.5
IRISH                  ,G,2023,22851,2.3,13.5,24.6,25.4,18.3,9.7,4.3,1.8
ENGLISH                ,A,2023,43275,7.5,17.9,29,27.5,14.3,3,0.5,0.2
ENGLISH                ,G,2023,13998,4.2,16.7,29.6,26.6,14.6,5.7,1.4,1.2
MATHEMATICS            ,A,2023,20516,11.2,16.7,21.9,23,16.6,7.7,2.3,0.5
MATHEMATICS            ,B,2023,3612,9.8,20.2,24.9,22.1,14.6,5.6,2.2,0.7
MATHEMATICS            ,G,2023,33220,9.2,23.9,25.3,18.6,11.5,6.3,3.3,2
HISTORY                ,A,2023,9503,15.5,19,21.9,19.2,14.3,7.2,2.4,0.6
HISTORY                ,G,2023,3006,8.3,16,21.7,25.1,19.5,6,2.4,0.9
GEOGRAPHY              ,A,2023,16889,12.9,19.2,23.6,21.8,15.8,5.6,0.9,0.2
GEOGRAPHY              ,G,2023,3531,4.6,13.7,29,28,15.8,6.3,2.1,0.5
LATIN                  ,A,2023,48,37.5,25,20.8,6.3,2.1,4.2,2.1,2.1
ANCIENT GREEK          ,A,2023,11,36.4,18.2,36.4,0,9.1,0,0,0
CLASSICAL STUDIES      ,A,2023,566,17.3,23.3,27.6,17.1,6.7,5.5,2.1,0.4
CLASSICAL STUDIES      ,G,2023,44,18.2,9.1,43.2,9.1,13.6,4.5,2.3,0
FRENCH                 ,A,2023,14701,15.8,19.2,20.8,20,15.4,6.8,1.8,0.3
FRENCH                 ,G,2023,5130,2.6,11.2,21.7,24.8,21.1,12.8,4.5,1.3
GERMAN                 ,A,2023,6129,14.8,15.2,17.6,19.8,17.7,10.2,3.8,0.8
GERMAN                 ,G,2023,1729,3.5,13.6,26,24.9,16.8,8.6,4.2,2.3
SPANISH                ,A,2023,7574,17.6,19,19.3,19.7,14.8,7.1,2,0.4
SPANISH                ,G,2023,2520,5,20.9,28.8,21.4,12.7,6.5,3.3,1.3
ITALIAN                ,A,2023,409,43,18.6,11.5,11.7,9.8,4.2,0.7,0.5
ITALIAN                ,G,2023,64,1.6,6.3,32.8,25,17.2,7.8,4.7,4.7
ART                    ,A,2023,7642,16.6,25.6,25.5,19.1,9.4,2.7,0.6,0.4
ART                    ,G,2023,1502,15.3,32,29.6,9.8,5.5,2.3,1.3,4.1
DUTCH                  ,A,2023,28,46.4,21.4,3.6,14.3,7.1,0,0,7.1
PORTUGUESE             ,A,2023,187,76.5,11.2,5.3,2.7,1.6,2.1,0,0.5
APPLIED MATHEMATICS    ,A,2023,1701,31,21.5,15.2,14.2,10,4.9,2.6,0.6
APPLIED MATHEMATICS    ,G,2023,52,13.5,19.2,23.1,11.5,7.7,11.5,7.7,5.8
PHYSICS                ,A,2023,6143,21.2,17.1,13.8,13.5,13.9,10.6,5.7,4
PHYSICS                ,G,2023,1383,10,18.1,20,16.8,15.5,7.5,5.8,6.3
CHEMISTRY              ,A,2023,8068,23.2,17.2,15.4,13.2,11.3,8.7,5.6,5.3
CHEMISTRY              ,G,2023,1682,6.4,13.1,17.2,17.7,16.9,11.8,9,7.9
PHYSICS & CHEMISTRY    ,A,2023,344,16.3,14,13.4,16,16.6,11.3,7,5.5
PHYSICS & CHEMISTRY    ,G,2023,63,0,1.6,9.5,15.9,11.1,22.2,15.9,23.8
AGRICULTURAL SCIENCE   ,A,2023,6132,13.1,23.6,23.3,19.4,12.6,5.8,1.4,0.7
AGRICULTURAL SCIENCE   ,G,2023,1328,1.1,9.4,23.2,24.2,19.7,12.5,6.6,3.3
BIOLOGY                ,A,2023,28724,19.2,16.4,16.3,15.4,14.6,10.7,5.4,2.1
BIOLOGY                ,G,2023,5879,4,17,29,22.9,14.5,7.1,3.5,2.1
ENGINEERING            ,A,2023,5623,15.9,25.7,25.5,19,9.1,3.2,0.9,0.6
ENGINEERING            ,G,2023,699,3.7,13.6,27,25,15.6,7.2,5.2,2.7
CONSTRUCTION STUDIES   ,A,2023,9165,8.5,24,28.8,21.9,11.2,3.8,1.3,0.4
CONSTRUCTION STUDIES   ,G,2023,1095,0.5,6.8,22.3,26.8,19.5,10.7,6.6,6.8
ACCOUNTING             ,A,2023,5051,20.4,19.8,15,14.1,12,9.6,4.1,4.9
ACCOUNTING             ,G,2023,2007,17.3,13.7,12.1,13,11.4,9.8,7.9,14.9
BUSINESS               ,A,2023,15869,12.1,18.3,18.6,17.6,17,9.2,4.9,2.4
BUSINESS               ,G,2023,3632,4.8,15.6,23.1,22.7,20,7.9,4.5,1.3
ECONOMICS              ,A,2023,4510,13.9,22.5,21.5,17.4,13.5,7.5,3.1,0.7
ECONOMICS              ,G,2023,577,2.9,21.5,26,22.2,14.4,7.8,3.8,1.4
SWEDISH                ,A,2023,13,0,46.2,23.1,7.7,15.4,0,7.7,0
JAPANESE               ,A,2023,256,29.3,16,18,14.5,11.7,6.6,2.3,1.6
JAPANESE               ,G,2023,56,1.8,1.8,26.8,23.2,17.9,16.1,7.1,5.4
ARABIC                 ,A,2023,229,16.2,9.6,14,17,20.1,11.8,5.2,6.1
ARABIC                 ,G,2023,22,9.1,13.6,22.7,9.1,9.1,13.6,13.6,9.1
TECHNOLOGY             ,A,2023,2127,16.1,23.9,22.8,18.9,10.6,4.7,2,1.1
TECHNOLOGY             ,G,2023,140,2.9,17.1,24.3,13.6,20.7,15.7,2.1,3.6
MUSIC                  ,A,2023,5869,22.5,43,23.4,8,2.3,0.6,0.1,0
MUSIC                  ,G,2023,416,8.2,28.6,36.1,16.8,4.8,3.1,1.9,0.5
HOME ECONOMICS S & S   ,A,2023,9105,15.3,23.8,23.3,19.3,11.9,4.8,1.6,0.2
HOME ECONOMICS S & S   ,G,2023,2227,7,22.9,27.5,21.6,11.8,5.8,2.7,0.7
RUSSIAN                ,A,2023,505,82.8,11.9,2,1.4,1.2,0.8,0,0
RUSSIAN                ,G,2023,16,56.3,25,12.5,6.3,0,0,0,0
COMPUTER SCIENCE       ,A,2023,1986,24.6,22.3,18.9,15.8,10.2,5.2,2.1,1
COMPUTER SCIENCE       ,G,2023,230,11.7,20.4,22.6,18.7,13,7.8,3,2.6
RELIGIOUS EDUCATION    ,A,2023,918,10.3,29.8,27.6,17.6,8.6,4.1,1.3,0.5
RELIGIOUS EDUCATION    ,G,2023,95,1.1,6.3,6.3,16.8,31.6,17.9,7.4,12.6
PHYSICAL EDUCATION     ,A,2023,6508,8.6,26.3,27.3,20.4,11.2,4.1,1.4,0.6
PHYSICAL EDUCATION     ,G,2023,647,1.4,10.5,26,23.6,15.9,8.8,8.3,5.4
CZECH                  ,A,2023,15,46.7,13.3,13.3,0,0,13.3,0,13.3
POLISH                 ,A,2023,916,49,31.2,11.5,4.3,1.7,0.8,1.2,0.3
POLISH                 ,G,2023,40,32.5,22.5,20,7.5,7.5,7.5,2.5,0
LATVIAN                ,A,2023,59,3.4,8.5,15.3,27.1,15.3,8.5,5.1,16.9
LITHUANIAN             ,A,2023,193,60.1,24.4,7.8,2.1,4.1,0.5,1,0
LITHUANIAN             ,G,2023,17,52.9,5.9,17.6,5.9,5.9,5.9,5.9,0
HUNGARIAN              ,A,2023,51,23.5,23.5,13.7,17.6,5.9,3.9,5.9,5.9
ROMANIAN               ,A,2023,367,25.1,18.8,25.6,20.4,6.5,1.4,0,2.2
SLOVAKIAN              ,A,2023,20,35,15,15,10,20,0,5,0
BULGARIAN              ,A,2023,27,3.7,44.4,33.3,11.1,3.7,0,0,3.7
DESIGN & COMMUNICATION ,A,2023,5234,18.5,22.7,21.7,18.3,11.5,4.6,2,0.6
DESIGN & COMMUNICATION ,G,2023,794,11,24.4,23.4,17,9.3,6,5.3,3.5
MANDARIN CHINESE       ,A,2023,335,91.9,4.5,1.5,0.6,0.3,1.2,0,0
CROATIAN               ,A,2023,95,27.4,29.5,16.8,14.7,8.4,2.1,0,1.1
POLITICS AND SOCIETY   ,A,2023,2151,17.4,28.6,24.7,14.7,8.7,4.1,1.2,0.6
POLITICS AND SOCIETY   ,G,2023,353,3.7,17.6,32.3,22.1,14.7,5.9,2.8,0.8
,,,,,,,,,,,
IRISH,A,2022,24441,12.7,21,23.8,21.9,14.4,5.2,0.9,0.2
IRISH,B,2022,1933,3.4,13,22.6,24.9,17,11.9,5.5,1.7
IRISH,G,2022,23520,1,10.6,26.3,28.9,19.3,8.7,3.4,1.9
ENGLISH,A,2022,43757,7.2,17.4,28.8,27.2,14.6,3.9,0.7,0.2
ENGLISH,G,2022,13484,4.7,16,28.7,27.1,16,5.1,1.4,1
MATHEMATICS,A,2022,21265,18.1,19.2,22.6,20.7,12.9,4.8,1.3,0.3
MATHEMATICS,B,2022,3290,15,20.6,20.8,17.2,13.3,7.7,4,1.4
MATHEMATICS,G,2022,32792,6,19.1,25,21.2,14.7,8.2,4,1.9
HISTORY,A,2022,9432,17.3,23,22.2,16.9,11.4,6.2,2.3,0.7
HISTORY,G,2022,2632,10.3,18.4,22,23,15.5,6.6,3.3,0.9
GEOGRAPHY,A,2022,18496,10.5,19,23.4,23.1,16.7,6.2,1,0.3
GEOGRAPHY,G,2022,3370,6.1,19.3,29.5,24.7,13.8,5.4,1,0.1
LATIN,A,2022,80,38.8,27.5,16.3,6.3,7.5,1.3,1.3,1.3
CLASSICAL STUDIES,A,2022,499,12.2,23.4,24.2,17.4,9.4,5.8,5,2.4
CLASSICAL STUDIES,G,2022,27,0,11.1,7.4,18.5,11.1,18.5,18.5,14.8
FRENCH,A,2022,15454,14.1,17.9,19.5,20.2,16.4,8.8,2.7,0.4
FRENCH,G,2022,5696,1.2,10.2,20.9,24.4,21.1,14.2,5.9,2.2
GERMAN,A,2022,6275,15.8,20.4,21.2,18.1,13.8,7.2,3,0.6
GERMAN,G,2022,1851,3,13.1,24.9,25.6,17.3,9.5,4.4,2.4
SPANISH,A,2022,7104,21.5,20.4,18.2,17.8,12.8,6.6,2.1,0.6
SPANISH,G,2022,2436,7.2,23.3,28.6,20.7,11.3,5.9,1.8,1.1
ITALIAN,A,2022,461,38.6,23.4,13.7,10.6,8.7,3.3,1.1,0.7
ITALIAN,G,2022,80,2.5,8.8,17.5,31.3,21.3,8.8,8.8,1.3
ART,A,2022,7716,10.6,25,26.7,20.5,11.5,4.1,1,0.6
ART,G,2022,1531,10.3,24.3,29,16.1,8.4,4.2,3.2,4.4
DUTCH,A,2022,27,44.4,22.2,14.8,3.7,7.4,0,0,7.4
PORTUGUESE,A,2022,131,88.5,7.6,2.3,0,0.8,0,0.8,0
APPLIED MATHEMATICS,A,2022,2032,29.3,21.7,17.8,12.2,8.1,5.4,2.7,2.9
APPLIED MATHEMATICS,G,2022,90,18.9,13.3,18.9,16.7,10,7.8,8.9,5.6
PHYSICS,A,2022,6487,23.7,16.6,14.6,13.4,11.5,9.4,6.1,4.7
PHYSICS,G,2022,1280,9.1,14.9,20.6,17.3,14.9,10.9,6.9,5.4
CHEMISTRY,A,2022,8481,19.1,18,15.8,14,11.7,9.7,6.4,5.4
CHEMISTRY,G,2022,1198,3.5,8.9,18.1,19,18.6,11.3,10.9,9.7
PHYSICS & CHEMISTRY,A,2022,369,15.4,14.6,12.2,17.6,16,10,7.3,6.8
PHYSICS & CHEMISTRY,G,2022,61,8.2,3.3,9.8,21.3,23,13.1,4.9,16.4
AGRICULTURAL SCIENCE,A,2022,6218,5.8,18.3,24.8,23.4,16.6,7.8,2.4,0.9
AGRICULTURAL SCIENCE,G,2022,1195,0.8,6.9,22.2,26.9,22.2,12.8,5.4,2.9
BIOLOGY,A,2022,28671,17.6,17.4,16.2,16.4,14.8,10.8,5.3,1.5
BIOLOGY,G,2022,5409,2.2,11.1,22.8,25,19.8,11.1,5.2,2.8
ENGINEERING,A,2022,5354,12.6,21.9,25.2,21.4,12,4.9,1.6,0.4
ENGINEERING,G,2022,675,3,13.9,25.5,26.2,15.1,8.4,5.5,2.4
CONSTRUCTION STUDIES,A,2022,8792,8.8,21.7,24.8,22.7,13.5,6,1.9,0.7
CONSTRUCTION STUDIES,G,2022,1167,0.7,7.5,22.5,27.7,17.6,12.1,6.3,5.7
ACCOUNTING,A,2022,5926,19.6,19.4,15.8,13.7,11.5,8.5,6,5.5
ACCOUNTING,G,2022,1809,15.5,13.3,13.9,12.4,13.4,10.7,10,11
BUSINESS,A,2022,16328,16.3,19.9,17.7,15.6,13.2,9.3,5.7,2.3
BUSINESS,G,2022,3129,6.9,16.1,22.3,22.9,16.6,8.5,4.4,2.3
ECONOMICS,A,2022,5155,12.1,28.7,26.3,16.6,9.7,4.6,1.5,0.5
ECONOMICS,G,2022,575,4.9,25.9,28.2,23,10.8,5.6,1.7,0
SWEDISH,A,2022,11,9.1,36.4,27.3,0,27.3,0,0,0
JAPANESE,A,2022,219,27.9,21.5,16.4,16.4,9.6,5.5,2.3,0.5
JAPANESE,G,2022,52,1.9,3.8,19.2,15.4,23.1,11.5,15.4,9.6
ARABIC,A,2022,172,44.8,13.4,9.9,7.6,9.9,6.4,2.9,5.2
ARABIC,G,2022,28,39.3,14.3,10.7,3.6,3.6,14.3,3.6,10.7
TECHNOLOGY,A,2022,2002,15.6,26.6,24.6,16.6,10.4,3.8,1.8,0.6
TECHNOLOGY,G,2022,142,2.8,14.1,22.5,25.4,17.6,12,3.5,2.1
MUSIC,A,2022,6234,27.6,39.8,22.1,7.9,1.9,0.4,0.1,0.1
MUSIC,G,2022,485,8.9,30.1,30.3,16.5,7.6,3.5,2.1,1
HOME ECONOMICS S & S,A,2022,10065,11,21.7,24.7,21.1,13.5,5.9,1.7,0.3
HOME ECONOMICS S & S,G,2022,2067,3.5,18.5,28.8,25.2,13.4,7.5,2.6,0.4
RUSSIAN,A,2022,407,65.8,19.2,7.6,3.4,2.9,1,0,0
RUSSIAN,G,2022,12,50,8.3,16.7,8.3,16.7,0,0,0
COMPUTER SCIENCE,A,2022,1382,19.3,21.2,20.5,18.3,11.2,5.6,2.9,0.9
COMPUTER SCIENCE,G,2022,222,15.3,23.9,27.9,16.7,9.9,3.2,1.4,1.8
RELIGIOUS EDUCATION,A,2022,919,7.8,25.4,29.3,19.5,10.4,4.9,2.1,0.7
RELIGIOUS EDUCATION,G,2022,64,1.6,7.8,17.2,23.4,21.9,12.5,6.3,9.4
PHYSICAL EDUCATION,A,2022,4490,5.5,23.2,27.6,21.4,13.9,5.6,2,0.9
PHYSICAL EDUCATION,G,2022,406,1,7.4,20.9,23.6,23.9,9.4,9.4,4.4
CZECH,A,2022,13,38.5,7.7,30.8,15.4,0,7.7,0,0
POLISH,A,2022,789,36.9,36,19.1,4.4,1.8,0.8,0.6,0.4
POLISH,G,2022,29,24.1,34.5,31,3.4,6.9,0,0,0
LATVIAN,A,2022,68,2.9,7.4,11.8,22.1,13.2,20.6,8.8,13.2
LITHUANIAN,A,2022,174,40.8,26.4,17.8,7.5,1.7,1.7,1.7,2.3
LITHUANIAN,G,2022,12,25,33.3,8.3,16.7,16.7,0,0,0
HUNGARIAN,A,2022,49,28.6,20.4,30.6,12.2,4.1,0,2,2
ROMANIAN,A,2022,379,19.5,20.8,27.2,16.9,9.2,4.2,1.1,1.1
SLOVAKIAN,A,2022,24,41.7,12.5,12.5,4.2,12.5,8.3,4.2,4.2
BULGARIAN,A,2022,31,6.5,45.2,9.7,12.9,12.9,0,9.7,3.2
DESIGN & COMMUNICATION GRAPHIC,A,2022,5035,19.6,21.1,20.4,18.2,12.4,5.4,1.9,1
DESIGN & COMMUNICATION GRAPHIC,G,2022,735,6.9,20.7,26.9,20,11.3,6.1,4.5,3.5
MANDARIN CHINESE,A,2022,280,86.8,5.7,3.9,2.1,0.4,0.7,0.4,0
CROATIAN,A,2022,92,20.7,18.5,23.9,17.4,13,3.3,1.1,2.2
POLITICS AND SOCIETY,A,2022,2135,8.6,24.2,24.5,20,11.7,6.5,3.1,1.5
POLITICS AND SOCIETY,G,2022,253,2,12.3,23.3,23.3,20.2,11.9,5.1,2
,,,,,,,,,,,
IRISH,A,2021,25596,11.9,21.9,27.5,22.7,11.2,3.4,0.6,0.8
IRISH,B,2021,1074,8.8,16.5,22.5,20.9,14.4,11.6,1.7,3.4
IRISH,G,2021,23301,3,11,22.1,26.3,21.1,12.3,2.6,1.6
ENGLISH,A,2021,42936,7.6,18.3,27.9,26.4,14.1,4.6,0.7,0.5
ENGLISH,G,2021,14129,5.4,14.8,25.7,25.9,16.5,8.4,1.9,1.6
MATHEMATICS,A,2021,22919,15.1,17.5,20.6,20.2,15.8,8.4,1.6,1
MATHEMATICS,B,2021,2065,10.6,20.9,20.4,18.5,15.1,10.7,1.9,1.9
MATHEMATICS,G,2021,32319,7.2,15.1,21.9,21.7,18.2,11.4,2.9,1.7
HISTORY,A,2021,10053,18.2,23.3,23,18.3,10.5,4.4,1.1,1.2
HISTORY,G,2021,2498,7.3,12.5,19.7,21.7,17.7,12.6,4.5,4.1
GEOGRAPHY,A,2021,21161,10.2,18.6,23.9,23.1,15.2,6.6,1.6,0.8
GEOGRAPHY,G,2021,3217,3,9.2,18.5,22.4,22,15.6,4.6,4.7
LATIN,A,2021,44,45.5,29.5,18.2,4.5,0,0,0,2.3
ANCIENT GREEK,A,2021,14,50,21.4,21.4,7.1,0,0,0,0
CLASSICAL STUDIES,A,2021,553,24.6,26.6,20.3,16.8,7.8,2.9,0.5,0.5
CLASSICAL STUDIES,G,2021,39,7.7,15.4,20.5,7.7,10.3,17.9,15.4,5.1
FRENCH,A,2021,16666,10.8,18.5,23.8,23.5,15,6.6,1.4,0.5
FRENCH,G,2021,5403,2.5,10.8,22.4,26.2,20.3,12.7,2.9,2.2
GERMAN,A,2021,6907,12.3,19.8,24.6,21.8,13.9,5.9,1.3,0.5
GERMAN,G,2021,1696,3.3,12.2,23.6,25.6,18.5,12,2.6,2.1
SPANISH,A,2021,6678,17.5,21,22.4,19.7,12.5,5.2,1.2,0.5
SPANISH,G,2021,1908,4.1,14.6,24.4,22.6,18.6,11.1,2.7,1.9
ITALIAN,A,2021,359,35.7,24,16.7,10.6,8.1,3.1,1.1,0.8
ITALIAN,G,2021,97,1,14.4,20.6,28.9,17.5,10.3,4.1,3.1
ART,A,2021,7925,13.2,23.6,27.1,19.9,9.5,3.8,1.3,1.7
ART,G,2021,1417,5.1,11.7,18.5,17.6,16.9,12.8,4.9,12.4
DUTCH,A,2021,21,47.6,4.8,19,9.5,0,9.5,0,9.5
APPLIED MATHEMATICS,A,2021,2276,40.9,23.6,15.9,9.7,5.6,2.7,0.7,0.9
APPLIED MATHEMATICS,G,2021,40,35,20,10,17.5,7.5,7.5,0,2.5
PHYSICS,A,2021,7210,21.1,20.1,20,16.6,12.1,7.1,2.1,1.1
PHYSICS,G,2021,778,5.3,13.4,17.6,21.3,16.3,15.3,4.4,6.4
CHEMISTRY,A,2021,8794,23.4,21.6,19.4,15.2,10.4,6.1,2.5,1.4
CHEMISTRY,G,2021,857,5,10.9,17.3,20.9,15.8,17.3,5.4,7.6
PHYSICS & CHEMISTRY,A,2021,382,22,20.2,14.9,15.7,14.9,6.8,3.9,1.6
PHYSICS & CHEMISTRY,G,2021,57,5.3,1.8,10.5,21.1,12.3,22.8,10.5,15.8
AGRICULTURAL SCIENCE,A,2021,7553,11.3,16.6,22.6,21.5,15.7,8.8,2.3,1.2
AGRICULTURAL SCIENCE,G,2021,915,0.8,5.7,14.2,20.8,23.5,21,6.6,7.5
BIOLOGY,A,2021,30677,17.4,18.3,19.4,18,13.8,8.9,3.1,1.3
BIOLOGY,G,2021,4211,1.7,6.8,15.1,23,24.7,18.8,5.2,4.6
ENGINEERING,A,2021,5555,10.9,19.1,26.2,22.1,13.5,5.7,1.5,0.9
ENGINEERING,G,2021,691,6.1,13.6,18.7,17.5,15.5,15.1,5.8,7.8
CONSTRUCTION STUDIES,A,2021,9124,10.3,19.9,25.9,22,13.3,5.6,1.5,1.5
CONSTRUCTION STUDIES,G,2021,1003,1.3,6.7,16.7,16.5,19.9,18.6,7.3,13
ACCOUNTING,A,2021,6872,25.9,24,19.9,13.8,9.5,4.5,1.5,0.9
ACCOUNTING,G,2021,1454,24,20.9,19.1,12.4,8.1,8.8,2.4,4.3
BUSINESS,A,2021,15573,13.7,19.7,21.6,19.9,14.3,7.6,2,1.2
BUSINESS,G,2021,2460,5.9,12.2,20.3,21.1,18.6,13.6,4.2,4.3
ECONOMICS,A,2021,4979,13.6,22.3,25.1,19.8,12.1,5.2,1.2,0.7
ECONOMICS,G,2021,486,2.9,10.5,18.9,21.6,17.9,17.9,4.3,6
JAPANESE,A,2021,250,31.2,24.4,19.6,12.8,6,3.2,1.6,1.2
JAPANESE,G,2021,48,4.2,12.5,18.8,18.8,14.6,20.8,8.3,2.1
ARABIC,A,2021,164,55.5,22.6,14,5.5,1.8,0,0,0.6
ARABIC,G,2021,24,8.3,0,33.3,33.3,16.7,4.2,0,4.2
TECHNOLOGY,A,2021,1807,15.7,23.1,24.6,19,10.7,4.6,1.2,1
TECHNOLOGY,G,2021,153,2,16.3,13.1,18.3,17,18.3,7.2,7.8
MUSIC,A,2021,6435,20.2,37.1,27.5,10.6,2.9,1,0.3,0.3
MUSIC,G,2021,425,6.8,23.1,22.8,18.1,8.9,11.3,3.1,5.9
HOME ECONOMICS S & S,A,2021,10915,12.7,23.8,24.6,20.8,11.5,4.8,0.9,0.8
HOME ECONOMICS S & S,G,2021,1679,2.8,8.9,19.3,22.6,20.5,16,4.5,5.4
RUSSIAN,A,2021,474,71.3,15.8,7,4.4,0.6,0.4,0,0.4
COMPUTER SCIENCE,A,2021,640,14.1,16.3,21.3,18.9,16.3,8.4,3.3,1.6
COMPUTER SCIENCE,G,2021,66,1.5,4.5,15.2,21.2,25.8,12.1,6.1,13.6
RELIGIOUS EDUCATION,A,2021,1036,14,27.2,23.6,18,9.8,5,1.2,1.3
RELIGIOUS EDUCATION,G,2021,83,0,6,9.6,19.3,22.9,28.9,4.8,8.4
PHYSICAL EDUCATION,A,2021,1501,11.3,20.8,24.9,20.9,13.3,5.9,1.9,1
PHYSICAL EDUCATION,G,2021,99,0,9.1,13.1,17.2,15.2,25.3,6.1,14.1
CZECH,A,2021,16,37.5,0,12.5,18.8,6.3,12.5,0,12.5
LATVIAN,A,2021,40,12.5,12.5,15,22.5,22.5,7.5,7.5,0
HUNGARIAN,A,2021,47,34,14.9,19.1,14.9,6.4,4.3,2.1,4.3
ROMANIAN,A,2021,325,30.8,18.2,21.5,16.3,8.9,3.4,0.9,0
SLOVAKIAN,A,2021,16,43.8,12.5,6.3,12.5,0,12.5,0,12.5
BULGARIAN,A,2021,22,13.6,22.7,18.2,13.6,9.1,18.2,4.5,0
DESIGN & COMMUNICATION GRAPHIC,A,2021,5010,21,27.6,23.9,15.2,7.2,3.3,0.9,0.9
DESIGN & COMMUNICATION GRAPHIC,G,2021,856,12.1,19.6,22,17.3,11.7,9.1,3.7,4.4
CROATIAN,A,2021,72,27.8,34.7,11.1,16.7,6.9,2.8,0,0
POLITICS AND SOCIETY,A,2021,1992,13.3,18.2,23.2,19.7,14.3,7.9,2.3,1.1
POLITICS AND SOCIETY,G,2021,230,1.3,5.2,19.1,18.3,18.3,19.6,8.7,9.6
,,,,,,,,,,,
IRISH,A,2020,24725,9.1,19.8,27.1,24.6,13.7,4.8,0.7,0.2
IRISH,B,2020,1462,5.9,17.6,25.5,23.1,16,10.4,0.4,1
IRISH,G,2020,23546,1.9,8.9,19.6,26.3,23.2,15.3,3.4,1.4
ENGLISH,A,2020,41950,4.4,13.5,25,28.3,19.1,8.1,1.3,0.3
ENGLISH,G,2020,14639,3,10.8,23,27.1,20.8,12,2.2,1
MATHEMATICS,A,2020,20521,8.6,15.4,21.6,23.2,18.3,10.2,2.3,0.4
MATHEMATICS,B,2020,2602,7.1,18.9,20.7,20.4,18.5,11.3,1.8,1.3
MATHEMATICS,G,2020,33862,4.6,12.8,20.7,23.3,19.7,13.4,3.8,1.7
HISTORY,A,2020,9470,11,19.7,24.7,21.5,13.6,6.9,2,0.7
HISTORY,G,2020,2825,4.7,11.3,19.1,22,21.3,15.7,3.4,2.5
GEOGRAPHY,A,2020,20506,6.3,14.6,23.4,24.6,18.9,9.5,2.3,0.5
GEOGRAPHY,G,2020,3644,1.8,8.4,18.1,27.2,23.3,16,3,2.1
LATIN,A,2020,53,41.5,35.8,13.2,1.9,5.7,0,0,1.9
ANCIENT GREEK,A,2020,15,33.3,33.3,6.7,20,6.7,0,0,0
CLASSICAL STUDIES,A,2020,489,12.7,24.1,27,20,9.2,4.3,2,0.6
CLASSICAL STUDIES,G,2020,28,3.6,7.1,7.1,39.3,28.6,10.7,0,3.6
FRENCH,A,2020,16519,7.9,16.1,23.9,24.6,17.2,8,1.8,0.4
FRENCH,G,2020,6361,1.7,9.2,20.8,26.9,22.7,14.2,2.8,1.6
GERMAN,A,2020,6779,9.2,17.4,24,23.5,15.7,7.9,1.8,0.4
GERMAN,G,2020,1922,2,8.7,18.4,25.5,22.7,17.8,3.3,1.6
SPANISH,A,2020,6330,11.6,18.2,23,21.3,15.2,8.1,1.9,0.7
SPANISH,G,2020,2025,2,10.7,22.2,26.4,21.3,12.6,3.2,1.6
ITALIAN,A,2020,338,22.2,20.4,21.6,16.9,10.4,4.4,3.8,0.3
ITALIAN,G,2020,70,0,12.9,22.9,24.3,20,12.9,4.3,2.9
ART,A,2020,8112,8.8,20.5,27.8,23.3,12,5.2,1.5,0.9
ART,G,2020,1504,3.4,9.4,19.9,23.6,20,14.9,3.7,5.2
DUTCH,A,2020,17,52.9,29.4,17.6,0,0,0,0,0
APPLIED MATHEMATICS,A,2020,2115,29.9,26.7,19.5,11.5,8,3.3,0.7,0.5
APPLIED MATHEMATICS,G,2020,67,35.8,20.9,14.9,10.4,4.5,9,0,4.5
PHYSICS,A,2020,7037,16.1,19.3,20.6,18.6,13.6,7.9,2.9,0.9
PHYSICS,G,2020,1060,5.4,12.1,18.9,21.8,19,14.5,4.7,3.7
CHEMISTRY,A,2020,8696,18.1,20.9,20.8,17.1,12.2,7.1,2.6,1.2
CHEMISTRY,G,2020,966,4,12.7,18.2,18.9,21.9,14.4,5,4.8
PHYSICS & CHEMISTRY,A,2020,460,15.4,17,18.5,16.7,13.3,9.8,5.7,3.7
PHYSICS & CHEMISTRY,G,2020,69,4.3,5.8,17.4,17.4,7.2,20.3,10.1,17.4
AGRICULTURAL SCIENCE,A,2020,7371,9.5,16.3,21.5,21.7,17.6,9.8,2.8,0.8
AGRICULTURAL SCIENCE,G,2020,1130,0.8,6,15.8,21.4,26.1,20.2,5,4.7
BIOLOGY,A,2020,29583,11.6,16.7,20.1,20.1,16.1,10.3,3.9,1.3
BIOLOGY,G,2020,5270,0.9,6.6,14.9,22.9,24.9,20.1,6.2,3.4
ENGINEERING,A,2020,5326,8.5,18.6,27.6,24.2,13.5,5.5,1.4,0.6
ENGINEERING,G,2020,779,1.7,8.9,21.2,22.8,21.3,14.1,4,6
CONSTRUCTION STUDIES,A,2020,8565,7.5,17.6,26.3,24.5,15.8,6.4,1.5,0.5
CONSTRUCTION STUDIES,G,2020,1144,2.4,8.2,17.8,22.8,21.9,16.8,5.5,4.6
ACCOUNTING,A,2020,6316,17.9,23.3,23.1,17.5,10.5,5.3,1.6,0.9
ACCOUNTING,G,2020,1790,16.8,22.3,18.9,14.7,11.5,9.2,3.5,3.1
BUSINESS,A,2020,15225,8.7,16.6,22.7,22.5,16.8,9.4,2.7,0.6
BUSINESS,G,2020,2676,3.5,10.7,21.6,22.3,20.4,15.4,3.6,2.5
ECONOMICS,A,2020,5081,10.8,20,23.2,20.4,14.4,7.9,2.4,0.9
ECONOMICS,G,2020,665,5.4,16.7,22.9,18.3,16.4,15,2.3,3
JAPANESE,A,2020,232,22.8,21.6,19,14.7,12.9,5.6,2.6,0.9
JAPANESE,G,2020,35,2.9,11.4,14.3,14.3,22.9,22.9,5.7,5.7
ARABIC,A,2020,163,25.2,39.9,19.6,6.7,7.4,1.2,0,0
ARABIC,G,2020,16,12.5,12.5,18.8,18.8,37.5,0,0,0
TECHNOLOGY,A,2020,1696,10.3,21.1,25.2,21.5,13.6,6.3,1.3,0.8
TECHNOLOGY,G,2020,161,1.2,9.3,25.5,21.7,16.8,14.3,4.3,6.8
MUSIC,A,2020,6509,13.1,34.8,30.8,15.1,4.5,1.3,0.2,0.2
MUSIC,G,2020,427,3.7,14.5,28.6,23,15.5,8.7,2.6,3.5
HOME ECONOMICS S & S,A,2020,10249,7.3,19,27.7,24.9,14.2,5.3,1.1,0.5
HOME ECONOMICS S & S,G,2020,1739,0.3,4.5,16.4,27.2,24.6,15.5,7.4,4
RUSSIAN,A,2020,395,78.5,15.9,4.1,0.5,0.8,0.3,0,0
COMPUTER SCIENCE,A,2020,677,7.4,16.5,22.5,22.9,15.4,9.7,4.4,1.2
COMPUTER SCIENCE,G,2020,62,1.6,16.1,8.1,22.6,16.1,24.2,4.8,6.5
RELIGIOUS EDUCATION,A,2020,1196,8.9,18.9,25.5,23,12.9,8,1.8,0.9
RELIGIOUS EDUCATION,G,2020,110,0.9,3.6,19.1,25.5,18.2,27.3,1.8,3.6
PHYSICAL EDUCATION,A,2020,1374,9,20.4,27.4,22,13.4,5.6,1.7,0.6
PHYSICAL EDUCATION,G,2020,90,3.3,7.8,14.4,13.3,15.6,27.8,7.8,10
LATVIAN,A,2020,25,28,36,24,4,4,0,0,4
HUNGARIAN,A,2020,30,50,23.3,23.3,3.3,0,0,0,0
ROMANIAN,A,2020,237,37.6,32.5,20.7,5.9,2.5,0.8,0,0
SLOVAKIAN,A,2020,17,52.9,17.6,5.9,11.8,11.8,0,0,0
BULGARIAN,A,2020,13,46.2,23.1,7.7,7.7,15.4,0,0,0
DESIGN & COMMUNICATION GRAPHIC,A,2020,4720,15.3,25.1,26,18.9,9.7,3.6,0.9,0.6
DESIGN & COMMUNICATION GRAPHIC,G,2020,926,5.3,16,22.5,23,14.5,10.9,3.7,4.2
CROATIAN,A,2020,44,61.4,25,2.3,11.4,0,0,0,0
POLITICS AND SOCIETY,A,2020,1440,7.9,15.5,23.8,21.9,17,9,3.2,1.7
POLITICS AND SOCIETY,G,2020,214,0.9,6.5,15,20.1,24.3,23.8,5.6,3.7
,,,,,,,,,,,
IRISH,A,2019,23176,6.1,17.7,22.3,23,18.2,9.5,2.8,0.4
IRISH,B,2019,2834,1.9,11.8,19.9,24.5,20.9,12,6.2,2.9
IRISH,G,2019,22323,0.3,5.2,18.6,26.2,25,15.7,6.3,2.7
ENGLISH,A,2019,40217,3,10.1,20.5,27.5,23.7,11.9,2.6,0.6
ENGLISH,G,2019,14477,1.5,7.3,20.3,28.1,23.5,12.7,4.5,2
MATHEMATICS,A,2019,18153,6.4,11.2,17.1,22.5,21.6,14.2,5.3,1.7
MATHEMATICS,B,2019,5467,4.3,13.5,19.4,21.7,20.2,12.7,5.6,2.6
MATHEMATICS,G,2019,31474,1.7,11.2,20.1,23.2,20.1,13,6.5,4.3
HISTORY,A,2019,8825,6.9,16.2,21.7,23.2,16.1,10.3,4,1.7
HISTORY,G,2019,2919,5.2,14.8,18.6,21.9,19.4,13.9,3.6,2.7
GEOGRAPHY,A,2019,19983,3.9,13.2,20.7,23,20.1,13.6,4.6,1
GEOGRAPHY,G,2019,4139,1.9,8.3,19,28.4,24.4,12,4.3,1.7
LATIN,A,2019,54,18.5,37,22.2,11.1,5.6,3.7,0,1.9
ANCIENT GREEK,A,2019,17,23.5,23.5,11.8,11.8,23.5,0,5.9,0
CLASSICAL STUDIES,A,2019,442,6.6,17.6,23.3,18.1,16.5,10.9,3.8,3.2
CLASSICAL STUDIES,G,2019,52,1.9,3.8,11.5,11.5,13.5,25,13.5,19.2
FRENCH,A,2019,15654,6.6,14,18.7,22.3,21.2,12.9,3.7,0.6
FRENCH,G,2019,7707,0.1,2.8,14.7,27,27.7,17.6,7,3
GERMAN,A,2019,6247,6.4,14.1,18.5,20.8,19.5,13.2,5.5,2
GERMAN,G,2019,2297,0.7,7.1,18.9,24.5,21.2,13.6,8.2,5.8
SPANISH,A,2019,5646,8.3,16.2,17.7,19.9,18,12.7,5.8,1.5
SPANISH,G,2019,2065,1,8.4,21.2,28,20.6,11.6,6,3.1
ITALIAN,A,2019,361,18.8,24.1,19.4,13.3,12.7,7.2,3.6,0.8
ITALIAN,G,2019,112,1.8,6.3,19.6,25.9,21.4,8,10.7,6.3
ART,A,2019,7624,3.2,14.2,22.4,24,19,11.5,4.2,1.4
ART,G,2019,1563,2.2,9.5,25.1,27.8,16.8,7.9,4.5,6.1
DUTCH,A,2019,17,17.6,35.3,23.5,17.6,5.9,0,0,0
PORTUGUESE,A,2019,116,24.1,14.7,22.4,12.9,8.6,2.6,6.9,7.8
APPLIED MATHEMATICS,A,2019,1988,16.5,19.9,18.6,14.7,11.3,9.3,4.8,4.9
APPLIED MATHEMATICS,G,2019,116,15.5,10.3,12.1,13.8,12.9,12.1,7.8,15.5
PHYSICS,A,2019,6583,10.9,16.3,15,14.1,14.6,12.7,9.1,7.3
PHYSICS,G,2019,1359,3.7,13.9,23,20.1,14,11.6,5.7,8.1
CHEMISTRY,A,2019,8243,13.5,18.1,16.5,14.6,12.5,10.9,6.4,7.4
CHEMISTRY,G,2019,1262,4,9.9,13.7,17.4,18.2,14.2,9.8,12.8
PHYSICS & CHEMISTRY,A,2019,464,7.8,15.7,17,14.2,12.1,12.7,9.1,11.4
PHYSICS & CHEMISTRY,G,2019,74,4.1,8.1,9.5,10.8,16.2,16.2,10.8,24.3
AGRICULTURAL SCIENCE,A,2019,6604,5,12.2,14.8,16.5,16.4,15.1,12.7,7.3
AGRICULTURAL SCIENCE,G,2019,1141,0,0.8,6.9,17.3,25.9,21.6,16.1,11.3
BIOLOGY,A,2019,27063,8.2,15.7,16.5,16.5,16.1,13.7,8.6,4.8
BIOLOGY,G,2019,7046,0.2,3.2,14.7,26.1,25.7,17,8.5,4.7
ENGINEERING,A,2019,4765,3.7,15.9,22.4,22.4,17.9,11.7,4.3,1.7
ENGINEERING,G,2019,650,0.9,5.2,17.2,19.8,26.3,17.2,9.5,3.7
CONSTRUCTION STUDIES,A,2019,7896,3,14.8,20.7,23.5,19.3,11.8,5.2,1.7
CONSTRUCTION STUDIES,G,2019,1114,0.2,2.2,9.5,21.7,27.5,20.6,10.2,8.1
ACCOUNTING,A,2019,6095,6.9,21.5,19.5,16.2,12.6,10.1,6.8,6.5
ACCOUNTING,G,2019,1812,8.9,18.4,15.8,15.1,12.3,8.6,7.5,13.4
BUSINESS,A,2019,13804,4.2,16.4,19.7,18.5,17.4,13.2,7.2,3.5
BUSINESS,G,2019,3521,3.7,14,22.2,24.7,17.6,11.3,3.7,2.8
ECONOMICS,A,2019,4990,4.3,16.7,19.9,18.8,15.8,13,6.5,4.9
ECONOMICS,G,2019,873,3.1,13.3,22.1,22.6,17.3,13.2,4,4.5
JAPANESE,A,2019,208,9.1,19.2,19.7,22.1,19.7,5.8,3.4,1
JAPANESE,G,2019,66,0,3,21.2,25.8,18.2,16.7,6.1,9.1
ARABIC,A,2019,168,6.5,19.6,25,22,8.3,8.9,5.4,4.2
ARABIC,G,2019,24,12.5,0,20.8,12.5,20.8,8.3,12.5,12.5
TECHNOLOGY,A,2019,1695,5.1,18.3,23.5,20.6,16,9.3,4.2,3
TECHNOLOGY,G,2019,176,1.7,13.1,19.9,15.9,15.3,14.8,7.4,11.9
MUSIC,A,2019,6234,4.3,32.1,35.4,18.6,7.2,1.8,0.4,0.1
MUSIC,G,2019,425,0.5,14.4,29.6,28.5,16.5,7.3,2.6,0.7
HOME ECONOMICS S & S,A,2019,9730,3.3,16,25.7,25.1,17.7,9.1,2.5,0.6
HOME ECONOMICS S & S,G,2019,2272,0.6,6.9,21.6,24.6,21.8,14.5,6,4
RUSSIAN,A,2019,458,58.1,22.9,10.5,4.6,1.3,1.1,1.1,0.4
RUSSIAN,G,2019,12,41.7,16.7,8.3,0,25,0,0,8.3
RELIGIOUS EDUCATION,A,2019,1164,3.1,18.1,24.7,21.3,16.2,11.2,3.7,1.7
RELIGIOUS EDUCATION,G,2019,129,0,3.9,14,17.1,18.6,10.9,14,21.7
CZECH,A,2019,12,50,0,16.7,25,8.3,0,0,0
POLISH,A,2019,780,8.3,16.7,28.5,25.9,12.2,4.5,2.3,1.7
LATVIAN,A,2019,62,19.4,21,24.2,14.5,6.5,11.3,0,3.2
LITHUANIAN,A,2019,177,13,16.9,15.3,19.8,16.4,13.6,2.8,2.3
HUNGARIAN,A,2019,51,9.8,23.5,25.5,11.8,11.8,5.9,7.8,3.9
ROMANIAN,A,2019,340,18.5,21.2,23.2,19.4,9.4,5.6,0.9,1.8
SLOVAKIAN,A,2019,18,38.9,11.1,16.7,16.7,11.1,5.6,0,0
BULGARIAN,A,2019,16,0,37.5,25,18.8,18.8,0,0,0
DESIGN & COMMUNICATION GRAPHIC,A,2019,4567,6.7,19.8,23.7,21.2,15.7,7.9,3.3,1.7
DESIGN & COMMUNICATION GRAPHIC,G,2019,1024,2.2,12.4,23.1,22.3,15.9,11.1,6.3,6.5
CROATIAN,A,2019,61,9.8,32.8,27.9,14.8,4.9,6.6,0,3.3
POLITICS AND SOCIETY,A,2019,676,4.6,11.1,20.4,21.4,18.8,12.6,7.8,3.3
POLITICS AND SOCIETY,G,2019,103,0,1.9,12.6,30.1,24.3,21.4,2.9,6.8
,,,,,,,,,,,
