Code,Subject,Level,Year,Total,A,B,C,D,E,F,NG
1,IRISH                  ,A,2013,27360,10.8,30.6,37,19.3,2.1,0.3,0
1,IRISH                  ,B,2013,1388,12.2,34.9,33.2,15.7,3.5,0.4,0.1
1,IRISH                  ,G,2013,23245,3,31.2,41.8,20.2,3.3,0.4,0.1
2,ENGLISH                ,A,2013,43332,10.6,26.3,38.5,22.5,1.9,0.2,0
2,ENGLISH                ,B,2013,1290,10.7,31.7,37.3,16.5,2.2,1.1,0.5
2,ENGLISH                ,G,2013,14633,6.5,31,43.2,17.7,1.2,0.2,0
3,MATHEMATICS            ,A,2013,30500,12,32.3,34.1,18.4,2.8,0.5,0
3,MATHEMATICS            ,B,2013,3901,12.5,35.9,35.8,13,2.2,0.3,0.2
3,MATHEMATICS            ,G,2013,24687,9.9,35.5,31.8,17.7,4.1,1,0.1
4,HISTORY                ,A,2013,38990,15.2,29.8,27.1,19.7,6.4,1.7,0.1
4,HISTORY                ,G,2013,15514,11.3,33.2,31,20.7,2.8,1,0.1
5,GEOGRAPHY              ,A,2013,45939,8.9,28.5,33.9,24,4.2,0.4,0
5,GEOGRAPHY              ,G,2013,9403,8.5,33.3,34.5,18.9,4,0.9,0
6,LATIN                  ,A,2013,351,39,27.9,17.4,10.3,3.7,1.1,0.6
6,LATIN                  ,G,2013,16,6.3,12.5,31.3,37.5,6.3,6.3,0
7,ANCIENT GREEK          ,A,2013,27,37,25.9,14.8,22.2,0,0,0
8,CLASSICAL STUDIES      ,A,2013,629,20,31.8,24.5,16.4,5.6,1.7,0
8,CLASSICAL STUDIES      ,G,2013,89,4.5,18,28.1,29.2,13.5,4.5,2.2
10,FRENCH                 ,A,2013,26312,10.3,28.1,32.2,23.7,5.2,0.5,0
10,FRENCH                 ,G,2013,7961,3.5,21.4,32.9,31.1,9.7,1.2,0.1
11,GERMAN                 ,A,2013,7640,12.5,31.1,32.7,20,3.4,0.4,0.1
11,GERMAN                 ,G,2013,2512,5,35.5,34.4,16.9,4.8,2.7,0.6
12,SPANISH                ,A,2013,5642,14.5,31.3,30.5,19.1,3.9,0.7,0.1
12,SPANISH                ,G,2013,1929,4.8,32.5,34.7,20.2,6,1.7,0.2
13,ITALIAN                ,A,2013,396,19.7,24.2,25.3,22.5,7.3,1,0
13,ITALIAN                ,G,2013,148,4.7,23.6,35.1,29.7,6.8,0,0
40,TYPEWRITING            ,A,2013,85,34.1,42.4,18.8,4.7,0,0,0
40,TYPEWRITING            ,G,2013,188,29.8,39.9,21.3,7.4,1.6,0,0
41,ART  CRAFT  DESIGN     ,A,2013,15969,24.7,31.9,32.3,9.8,1.2,0.2,0
41,ART  CRAFT  DESIGN     ,G,2013,5786,15.6,31.9,31.6,13.6,5,2,0.2
42,BUSINESS STUDIES       ,A,2013,25837,9.5,34.3,35,18.8,2,0.3,0
42,BUSINESS STUDIES       ,G,2013,7983,7.6,40,32.3,14.2,4.3,1.4,0.3
46,MUSIC                  ,A,2013,9058,12.2,41,33.4,12.3,0.8,0.4,0
46,MUSIC                  ,G,2013,1885,1.2,24.7,41.9,23.4,4.3,4.4,0.2
47,MATERIAL TECHNOLOGY (W ,A,2013,13280,9.9,41.1,34.1,12.9,1.4,0.4,0.2
47,MATERIAL TECHNOLOGY (W ,G,2013,2883,5.2,35.5,36.6,15.5,3.2,3.4,0.7
48,TECHNICAL GRAPHICS     ,A,2013,9207,15.3,30.9,30.5,18.1,4.4,0.8,0.1
48,TECHNICAL GRAPHICS     ,G,2013,3357,11.2,33.5,25.7,19.9,6.3,3.2,0.2
52,HOME ECONOMICS         ,A,2013,17330,13.7,50.7,29.9,5.2,0.3,0.1,0.1
52,HOME ECONOMICS         ,G,2013,4373,1.8,35.6,44.6,13.4,2.7,1.1,0.8
54,METALWORK              ,A,2013,6300,10.8,46,28.9,11.2,2.3,0.5,0.2
54,METALWORK              ,G,2013,1543,6.4,43.3,23.5,13,7.5,5,1.2
57,SCIENCE                ,A,2013,42423,8.9,30.5,39.4,19.9,1.2,0.1,0
57,SCIENCE                ,G,2013,11488,1.4,30,50.5,15,2.3,0.7,0.1
65,TECHNOLOGY             ,A,2013,2589,10.7,34.7,34.5,16.4,2.7,0.7,0.2
65,TECHNOLOGY             ,G,2013,368,7.1,38.3,28.5,14.9,6.8,3.5,0.8
81,ENVIRON & SOCIAL STUDI ,A,2013,177,11.9,46.3,33.3,6.8,1.1,0.6,0
81,ENVIRON & SOCIAL STUDI ,G,2013,420,7.1,39.3,33.6,12.6,4.3,2.4,0.7
218,C.S.P.E                ,C,2013,58682,20.2,42.6,26.3,8.7,1.5,0.6,0.1
220,RELIGIOUS EDUCATION    ,A,2013,23801,12.8,38.7,34.7,12,1.2,0.5,0.1
220,RELIGIOUS EDUCATION    ,G,2013,5049,10.5,36.6,36.3,13,1.6,1.8,0.3
1,IRISH                  ,A,2014,28666,11.7,33.4,36.6,16.1,1.9,0.3,0
1,IRISH                  ,B,2014,1288,10.7,32.6,34.1,18.5,2.9,1.2,0.1
1,IRISH                  ,G,2014,22849,3.6,31.9,40.4,20.1,3.5,0.5,0.1
2,ENGLISH                ,A,2014,44688,9.9,26.8,39.1,22,2,0.2,0
2,ENGLISH                ,B,2014,1168,10.6,28.3,37.2,19.5,2.8,1.4,0.3
2,ENGLISH                ,G,2014,13929,6.1,30.2,43.1,18.9,1.2,0.4,0.1
3,MATHEMATICS            ,A,2014,32041,10.7,28.4,33.9,22.5,3.9,0.5,0
3,MATHEMATICS            ,B,2014,3532,10.9,34.5,35,16.5,2.4,0.5,0.1
3,MATHEMATICS            ,G,2014,24047,6.3,33.2,35.3,20.6,3.6,0.9,0.1
4,HISTORY                ,A,2014,40178,15.8,26.7,27.8,21.5,6.7,1.5,0.1
4,HISTORY                ,G,2014,14587,10.5,30.9,31.8,22.4,2.6,1.5,0.2
5,GEOGRAPHY              ,A,2014,46881,8.8,31.3,32.1,23,4.3,0.5,0
5,GEOGRAPHY              ,G,2014,8894,8.6,36.4,33.4,17.4,3.6,0.8,0
6,LATIN                  ,A,2014,303,41.6,23.4,14.5,14.2,3.6,2.6,0
6,LATIN                  ,G,2014,12,8.3,16.7,41.7,8.3,8.3,16.7,0
7,ANCIENT GREEK          ,A,2014,35,40,14.3,25.7,17.1,2.9,0,0
8,CLASSICAL STUDIES      ,A,2014,525,21.5,34.7,25.7,15.6,1.3,1.1,0
8,CLASSICAL STUDIES      ,G,2014,76,6.6,27.6,25,26.3,5.3,6.6,2.6
10,FRENCH                 ,A,2014,26441,9.6,26,34.4,24.6,5,0.4,0
10,FRENCH                 ,G,2014,7467,2.9,25.4,36.3,27.4,6.7,1.1,0.2
11,GERMAN                 ,A,2014,8103,13.2,29.8,31.5,21.1,3.9,0.5,0
11,GERMAN                 ,G,2014,2364,5.1,34.7,34.7,17.6,5.8,1.9,0.2
12,SPANISH                ,A,2014,6323,14.1,29.1,33.2,18.3,4.3,0.8,0.1
12,SPANISH                ,G,2014,2092,5.9,34.6,31.7,18.5,5.9,2.7,0.7
13,ITALIAN                ,A,2014,348,19.5,29.9,27.9,21,1.7,0,0
13,ITALIAN                ,G,2014,109,1.8,27.5,44,18.3,5.5,2.8,0
40,TYPEWRITING            ,A,2014,65,26.2,24.6,18.5,7.7,4.6,18.5,0
40,TYPEWRITING            ,G,2014,127,18.9,45.7,23.6,5.5,4.7,1.6,0
41,ART  CRAFT  DESIGN     ,A,2014,15985,22.5,31.7,34.5,10.1,1,0.2,0
41,ART  CRAFT  DESIGN     ,G,2014,5607,12.6,30.5,33,16.7,4.9,2.1,0.3
42,BUSINESS STUDIES       ,A,2014,26144,9.7,35,36.4,16.9,1.8,0.2,0
42,BUSINESS STUDIES       ,G,2014,7581,8.1,39.6,30.8,15,4,2.1,0.5
46,MUSIC                  ,A,2014,9273,12.8,38.6,30.9,15.5,1.6,0.4,0
46,MUSIC                  ,G,2014,1704,1.9,22.7,43,23.9,4.2,4.1,0.2
47,MATERIAL TECHNOLOGY (W ,A,2014,13487,8.3,40.6,36.1,12.6,1.5,0.6,0.2
47,MATERIAL TECHNOLOGY (W ,G,2014,2977,5.2,35.2,36.6,15.3,3.3,3.4,1
48,TECHNICAL GRAPHICS     ,A,2014,8953,14.8,31.6,30.6,18.4,3.7,0.8,0.1
48,TECHNICAL GRAPHICS     ,G,2014,3396,11.1,35.3,26.5,19.1,5.4,2.1,0.4
52,HOME ECONOMICS         ,A,2014,17773,13.9,49,29.9,6.4,0.5,0.2,0.1
52,HOME ECONOMICS         ,G,2014,3797,1.8,37.6,43.7,12,2.9,1,1
54,METALWORK              ,A,2014,6373,9.4,41.1,31.2,14.1,3,1.2,0.1
54,METALWORK              ,G,2014,1507,5,34.4,25.9,18.4,8,6.6,1.7
57,SCIENCE                ,A,2014,42821,11.4,31.1,36.4,19.5,1.5,0.2,0
57,SCIENCE                ,G,2014,11936,1.7,31.1,46.6,16.4,3,1.1,0.1
65,TECHNOLOGY             ,A,2014,2830,10.1,33.6,35,17.6,2.8,0.8,0.1
65,TECHNOLOGY             ,G,2014,393,5.6,30.3,33.3,20.1,6.4,3.6,0.8
81,ENVIRON & SOCIAL STUDI ,A,2014,239,4.2,45.2,37.7,10,2.1,0.8,0
81,ENVIRON & SOCIAL STUDI ,G,2014,345,5.8,30.1,35.9,20.6,4.3,2.6,0.6
218,C.S.P.E                ,C,2014,59174,21.1,42,25.9,8.7,1.5,0.8,0.1
220,RELIGIOUS EDUCATION    ,A,2014,23344,13.2,40.3,34.4,10.7,0.9,0.4,0.1
220,RELIGIOUS EDUCATION    ,G,2014,5254,10.9,32.7,35.1,15.7,3,2.4,0.3
1,IRISH                  ,A,2015,29100,11.2,35.2,38.2,14.2,1.1,0.1,0
1,IRISH                  ,B,2015,1217,12.6,31.6,35.2,16.5,3.2,0.8,0.2
1,IRISH                  ,G,2015,21679,2.1,28.9,42.9,22,3.5,0.4,0.1
2,ENGLISH                ,A,2015,44333,9.3,26,40.2,22.6,1.7,0.2,0
2,ENGLISH                ,B,2015,1060,9.8,25.9,37.3,20.7,4.1,2,0.3
2,ENGLISH                ,G,2015,13627,6.1,29,42.4,20.4,1.6,0.3,0.1
3,MATHEMATICS            ,A,2015,32535,11.3,31.2,32.2,21.1,3.7,0.5,0
3,MATHEMATICS            ,B,2015,3484,14.6,35.9,30.2,16.2,2.7,0.4,0.1
3,MATHEMATICS            ,G,2015,22856,7.4,28.3,34.5,23.8,4.9,0.9,0.1
4,HISTORY                ,A,2015,39788,14.9,27.4,28.3,21.4,6.6,1.3,0.1
4,HISTORY                ,G,2015,14194,10.2,33.3,33.6,20,2.3,0.5,0.1
5,GEOGRAPHY              ,A,2015,46229,8,30.8,35.7,22.8,2.6,0.1,0
5,GEOGRAPHY              ,G,2015,8679,8.6,35.8,34.6,16.9,3.3,0.8,0
6,LATIN                  ,A,2015,272,31.3,26.5,14.7,18,8.5,0.7,0.4
6,LATIN                  ,G,2015,13,0,15.4,46.2,30.8,7.7,0,0
7,ANCIENT GREEK          ,A,2015,32,21.9,43.8,15.6,9.4,3.1,6.3,0
8,CLASSICAL STUDIES      ,A,2015,512,21.3,32.4,27.1,13.1,5.1,1,0
8,CLASSICAL STUDIES      ,G,2015,92,4.3,28.3,28.3,21.7,13,3.3,1.1
10,FRENCH                 ,A,2015,24866,9.9,27,33.6,24,5,0.5,0
10,FRENCH                 ,G,2015,7178,2.8,22,36.1,29.7,8.1,1,0.1
11,GERMAN                 ,A,2015,9011,12,30.4,30.9,21.2,5,0.5,0
11,GERMAN                 ,G,2015,2412,4.8,31.3,37.4,19.9,5.3,1.1,0.2
12,SPANISH                ,A,2015,6289,15.2,32.1,30.9,17.3,3.6,0.7,0.1
12,SPANISH                ,G,2015,2170,5,33.6,35,18.1,5.6,1.9,0.6
13,ITALIAN                ,A,2015,321,18.4,25.5,28.3,20.9,6.2,0.6,0
13,ITALIAN                ,G,2015,113,1.8,18.6,43.4,30.1,5.3,0.9,0
40,TYPEWRITING            ,A,2015,40,22.5,45,27.5,5,0,0,0
40,TYPEWRITING            ,G,2015,89,38.2,34.8,20.2,6.7,0,0,0
41,ART  CRAFT  DESIGN     ,A,2015,15559,20.9,29.7,35.2,12.8,1.1,0.2,0
41,ART  CRAFT  DESIGN     ,G,2015,5095,10.6,28.7,34.5,17.7,5.3,2.8,0.4
42,BUSINESS STUDIES       ,A,2015,25728,8.6,33.8,35,19.8,2.5,0.3,0
42,BUSINESS STUDIES       ,G,2015,7449,8.2,37.8,33,14.6,3.9,2.3,0.3
46,MUSIC                  ,A,2015,9072,13.8,42.6,31.3,10.7,1,0.5,0
46,MUSIC                  ,G,2015,1710,1.9,27,41,21.9,3.7,4.1,0.4
47,MATERIAL TECHNOLOGY (W ,A,2015,13271,7.7,39.1,35.9,14.4,1.9,0.7,0.3
47,MATERIAL TECHNOLOGY (W ,G,2015,2874,4.7,34,36.3,16,3.7,4,1.4
48,TECHNICAL GRAPHICS     ,A,2015,8655,14.7,31.7,30.8,18.7,3.6,0.6,0
48,TECHNICAL GRAPHICS     ,G,2015,3046,12.1,34.8,25.6,18.7,6.3,2.3,0.2
52,HOME ECONOMICS         ,A,2015,17839,13.9,48.2,30.5,6.7,0.4,0.2,0.1
52,HOME ECONOMICS         ,G,2015,3702,1.1,33,45.4,14.4,3.4,1.6,1.2
54,METALWORK              ,A,2015,6409,10.7,44.4,28.3,12.9,2.6,0.9,0.3
54,METALWORK              ,G,2015,1575,7.8,36.2,23,18,8.8,5.5,0.7
57,SCIENCE                ,A,2015,42658,10.3,32.2,37.4,18.6,1.3,0.2,0
57,SCIENCE                ,G,2015,11632,0.6,25.6,53.9,16.2,2.7,0.9,0.1
65,TECHNOLOGY             ,A,2015,2852,10.5,31.5,33.1,19.2,4.3,1.2,0.1
65,TECHNOLOGY             ,G,2015,406,7.9,25.4,32.5,23.2,6.2,4.4,0.5
81,ENVIRON & SOCIAL STUDI ,A,2015,197,2.5,42.6,41.6,9.6,2,1,0.5
81,ENVIRON & SOCIAL STUDI ,G,2015,396,3.8,38.4,35.4,14.6,3.5,3.8,0.5
218,C.S.P.E                ,C,2015,58136,21,42.9,25.3,8.4,1.6,0.8,0.1
220,RELIGIOUS EDUCATION    ,A,2015,22808,13.2,39.7,34.9,11.1,1,0.1,0
220,RELIGIOUS EDUCATION    ,G,2015,4600,11.8,36.8,35.9,12.8,2,0.6,0.1
,,,,,,,,,,,
,,,,,,,,,,,
,"A = ARDLEIBHÉAL, B = BONNLEIBHEAL, C = LEIBHEAL COMONTA, G = GNÁTHLEIBHÉAL",,,,,,,,,,
,"A = HIGHER LEVEL, B = FOUNDATION LEVEL, C = COMMON LEVEL, G = ORDINARY LEVEL,",,,,,,,,,,
