,Subject,              Level,Year, Total,         A1,        A2,        B1,        B2,        B3,        C1,        C2,        C3,        D1,        D2,        D3,        E,         F,         NG
1,IRISH                  ,A,2013,16665,5.9,9.5,12.2,13.6,14.2,14,12,9.1,5.3,2.7,1.2,0.3,0.1,0
1,IRISH                  ,B,2013,3916,2.4,4.4,7.8,9.5,12.4,12.6,12.3,11.2,9.2,6.9,5.5,4.7,1,0.1
1,IRISH                  ,G,2013,23066,0.4,2.2,5.5,10,13.8,15.1,14.3,12.2,9.4,6.9,5.7,3.6,0.7,0.1
2,ENGLISH                ,A,2013,33275,3.7,6.1,5.1,9.1,12.5,12.2,14.4,13.1,10.8,6.8,4.5,1.5,0.1,0
2,ENGLISH                ,G,2013,17539,2,5.5,4.2,9.1,15.6,12,14.8,12.9,8.5,6.5,5.3,2.6,0.8,0.2
3,MATHEMATICS            ,A,2013,13014,5.6,5.6,6.5,8.5,10.1,12.2,12.8,11.9,10.3,7.3,6,2.9,0.3,0.1
3,MATHEMATICS            ,B,2013,5677,1.6,2.9,6,10.2,13.6,14.8,14.3,10.8,9.2,5.9,5.5,3.8,1.2,0.2
3,MATHEMATICS            ,G,2013,32165,1.6,3.8,6.3,8.9,10.1,11,11.6,11,9.4,8.4,8.5,7.1,1.9,0.3
4,HISTORY                ,A,2013,7785,6.4,6.4,8.7,10.6,11.7,11.4,11.3,9.7,7,6.4,6.2,3.3,0.7,0.1
4,HISTORY                ,G,2013,4037,7.8,7.7,6.5,10,11.6,7.5,10.5,11.4,7,8.2,7.1,3.8,0.8,0.1
5,GEOGRAPHY              ,A,2013,19761,3.3,5.6,7.2,9.7,12.6,12.6,12.8,11.5,9.3,7,5.6,2.6,0.2,0
5,GEOGRAPHY              ,G,2013,5533,1.7,2.9,5.1,7.9,11.8,14.3,15.4,14.7,8.6,6.7,5.7,4.1,0.7,0.1
6,LATIN                  ,A,2013,91,22,18.7,13.2,13.2,7.7,2.2,5.5,5.5,3.3,1.1,2.2,3.3,2.2,0
8,CLASSICAL STUDIES      ,A,2013,542,5.4,6.8,10,10.9,10.7,10.9,11.6,6.5,5.5,4.2,7.4,6.8,3,0.4
8,CLASSICAL STUDIES      ,G,2013,62,0,3.2,3.2,3.2,12.9,12.9,4.8,6.5,4.8,16.1,12.9,12.9,6.5,0
10,FRENCH                 ,A,2013,14186,6.4,6.8,8.5,9.3,10.6,11,10.9,11.1,9.5,7.7,5.7,2.3,0.1,0
10,FRENCH                 ,G,2013,11329,0.2,1.1,3.5,7.4,11.6,14.3,13.8,12.5,10.9,8.6,7.9,6.7,1.4,0.1
11,GERMAN                 ,A,2013,4325,7.9,7,8.3,9.9,11.1,11.3,11,9.6,8.5,6.6,5.7,2.8,0.3,0
11,GERMAN                 ,G,2013,2319,0.2,2.2,7.4,10.1,11.7,12.7,12.1,10.2,8.8,6.9,8.4,6.8,2.3,0.1
12,SPANISH                ,A,2013,2961,8.5,8,8.3,9.7,11,11.6,12.2,10.1,9.1,6.3,3.3,1.8,0.1,0
12,SPANISH                ,G,2013,1942,0.9,2.4,6.3,10.2,13.1,16.3,13.6,10.2,9.7,6.1,4.9,4.5,1.4,0.2
13,ITALIAN                ,A,2013,258,14.3,12,11.6,12.4,12.4,7,7.4,7.4,7,3.5,3.5,1.6,0,0
13,ITALIAN                ,G,2013,94,2.1,1.1,7.4,8.5,11.7,9.6,9.6,14.9,9.6,10.6,10.6,3.2,1.1,0
14,ART                    ,A,2013,7866,1,3.8,7.4,10,12.9,13.1,13.9,12.7,9.9,7.7,5.3,1.9,0.2,0
14,ART                    ,G,2013,2430,0.3,1,3.2,6.3,10.5,15.3,17.4,15.1,12.4,7.3,5.9,3.3,1.3,0.7
20,APPLIED MATHEMATICS    ,A,2013,1470,13.7,12.8,5.6,9,11,8.7,9.9,8.2,6.1,3.9,4.6,4,2.2,0.3
20,APPLIED MATHEMATICS    ,G,2013,129,27.9,8.5,13.2,9.3,7.8,11.6,3.1,0.8,7.8,3.1,1.6,3.1,2.3,0
21,PHYSICS                ,A,2013,4832,10.1,10.4,9.9,9.8,9.2,8.1,8.1,7.6,7.1,5.8,6.7,4.9,1.8,0.4
21,PHYSICS                ,G,2013,1616,6,8.5,7.4,11.6,12.3,8.9,8,10,4.2,5.8,8,5.4,2.8,1.1
22,CHEMISTRY              ,A,2013,6757,9.6,10.9,8.2,9.7,10,8.3,7.9,8.9,6.2,5.6,6.6,5.6,1.8,0.6
22,CHEMISTRY              ,G,2013,1399,2.6,4.5,4.2,7.5,9.7,9.2,10.2,10.3,7.6,6.9,9.1,10.3,6,1.9
23,PHYSICS & CHEMISTRY    ,A,2013,330,10.3,7.9,7.3,11.5,7.9,7.6,10.3,8.5,5.8,7,4.8,9.4,1.2,0.6
23,PHYSICS & CHEMISTRY    ,G,2013,93,2.2,2.2,2.2,2.2,9.7,7.5,8.6,14,5.4,3.2,17.2,11.8,8.6,5.4
24,AGRICULTURAL SCIENCE   ,A,2013,5951,3.9,6.1,7.5,8.8,10.7,11.2,11,10.4,8.5,7.5,7.8,5.5,0.9,0.1
24,AGRICULTURAL SCIENCE   ,G,2013,1463,0.1,0.2,1.2,2.4,4.6,7.7,10.7,13.7,14.4,11.5,15.7,14.1,3.6,0.3
25,BIOLOGY                ,A,2013,23433,6,8.6,7.5,9.5,10.3,8.7,9.2,10,7.2,7.1,7.9,6.4,1.5,0.2
25,BIOLOGY                ,G,2013,8064,0.5,1.6,3.7,6.9,11,10.6,11.6,12.6,10.2,8.9,9,9.2,3.6,0.6
26,AGRICULTURAL ECONOMICS ,A,2013,46,8.7,6.5,6.5,15.2,4.3,17.4,13,10.9,4.3,4.3,2.2,6.5,0,0
27,ENGINEERING            ,A,2013,3742,2.7,6.4,9,10.1,10.9,12.9,11.5,11.2,8.7,7.4,5.2,3.5,0.6,0
27,ENGINEERING            ,G,2013,1139,0.1,2.4,5.7,10.1,11.5,13.9,14.7,11.2,9.7,7.1,6.4,6.1,1.1,0
29,CONSTRUCTION STUDIES   ,A,2013,6572,1.9,5.3,8.7,12.4,13.8,13.2,12.8,10.8,8,6,4,2.5,0.4,0
29,CONSTRUCTION STUDIES   ,G,2013,1541,0,0.5,2,4.5,8.5,10,12.8,15.9,12.6,11.3,8.5,9.9,3,0.5
32,ACCOUNTING             ,A,2013,3933,9.2,10.7,10.4,10.2,8.8,8.2,8.2,8.1,6.2,5,6.1,5.2,2.7,1
32,ACCOUNTING             ,G,2013,1740,10.2,10.1,10.5,8.4,9.2,7.6,6.2,5.7,4.9,5.1,5.5,6.7,6.1,4
33,BUSINESS               ,A,2013,11573,3.9,7,8.8,10.3,11.1,10,9.7,9.9,7.7,6.9,7.6,5.5,1.4,0.1
33,BUSINESS               ,G,2013,5359,3.2,7.6,7.4,10.5,13.4,11.2,10,11.4,6.3,5.6,6.7,4.4,1.9,0.3
34,ECONOMICS              ,A,2013,3757,2.1,9.1,5.5,11.6,13.1,11.8,10.9,10,7.6,6,7.3,3.8,1.1,0.1
34,ECONOMICS              ,G,2013,875,3.2,8.1,8.5,12.6,12,12.1,10.5,9.5,6.7,3.7,6.1,4.6,1.8,0.7
58,JAPANESE               ,A,2013,208,12.5,10.1,13,11.1,12.5,8.2,6.7,7.7,3.8,5.3,3.8,2.4,2.9,0
58,JAPANESE               ,G,2013,49,2,0,2,14.3,10.2,12.2,10.2,10.2,4.1,16.3,8.2,6.1,4.1,0
59,ARABIC                 ,A,2013,124,3.2,11.3,4,14.5,15.3,10.5,12.9,8.9,6.5,2.4,3.2,4,2.4,0.8
59,ARABIC                 ,G,2013,12,0,0,0,25,16.7,0,8.3,16.7,0,16.7,0,0,16.7,0
65,TECHNOLOGY             ,A,2013,944,5.4,10,9.4,12.9,11.9,11.3,10.2,8.3,6.8,4.7,5.3,2.9,1,0.1
65,TECHNOLOGY             ,G,2013,130,0,2.3,5.4,5.4,11.5,13.8,7.7,11.5,5.4,6.9,11.5,14.6,3.1,0.8
67,MUSIC                  ,A,2013,5713,3.6,10.5,17.1,19.4,16.1,12.6,9.9,5.6,2.8,1.4,0.6,0.3,0,0
67,MUSIC                  ,G,2013,507,0.6,2.4,11.8,13.8,20.7,13.6,9.5,10.7,5.5,4.7,4.3,1.8,0.6,0
98,HOME ECONOMICS S & S   ,A,2013,8900,2.2,6.2,8,11.5,12.9,13,13.5,11.3,8.1,6.7,4,2.5,0.3,0
98,HOME ECONOMICS S & S   ,G,2013,3146,0.5,1.7,5,7.7,12.1,13.1,12.8,12.1,9.2,9,7.8,6.7,2.2,0.2
99,RUSSIAN                ,A,2013,285,66.7,13,5.6,4.6,3.5,1.8,1.4,1.4,0.7,0.7,0,0.4,0.4,0
223,RELIGIOUS EDUCATION    ,A,2013,1123,4.1,8.8,8.2,12.5,13.6,9.8,10.3,11.1,6,4.7,6.1,3.6,1.2,0
223,RELIGIOUS EDUCATION    ,G,2013,157,0,8.9,0,3.2,20.4,3.2,1.9,26.8,2.5,2.5,21.7,7,0.6,1.3
562,DESIGN & COMMUNICATION ,A,2013,4017,6.1,8.5,10.2,11.2,11.7,12.4,10.3,9.3,7.3,5.6,4.1,2.6,0.6,0.1
562,DESIGN & COMMUNICATION ,G,2013,1334,2.5,6.2,8.6,10.9,10.8,13.2,11.5,8.2,7.1,6.2,5.2,5.6,2.8,0.9
,,,,,,,,,,,,,,,,,,
1,IRISH                  ,A,2014,18134,5.4,9,12,13.6,14.3,13.4,11.7,9.3,5.8,3.3,1.4,0.5,0.1,0
1,IRISH                  ,B,2014,3803,1.9,4.4,9.2,10.4,14.4,13.8,12.9,11.1,7.9,5.5,4.3,3.4,0.7,0
1,IRISH                  ,G,2014,23331,0.3,2,5.8,10.7,14.1,15.7,14.2,12,9.5,6.7,5.4,2.9,0.6,0.1
2,ENGLISH                ,A,2014,35122,3.4,6,5,8.9,12.7,13,14.4,13,11.3,6.7,4.3,1.2,0.1,0
2,ENGLISH                ,G,2014,17154,2.1,5.3,4.6,9.4,15.6,12,14.5,12.8,8.8,6.3,5.2,2.5,0.8,0.2
3,MATHEMATICS            ,A,2014,14326,4.1,6.3,8,9.6,11.3,11.5,11.1,10.8,8.9,7.3,6.8,3.5,0.7,0
3,MATHEMATICS            ,B,2014,5628,1.6,3.7,7.6,10.8,14.2,14.4,13,10.2,8,5.7,5.3,4.2,1.3,0.1
3,MATHEMATICS            ,G,2014,32428,2,4.8,7.6,9.6,10.8,10.8,11,10.1,9.1,7.6,8,6.6,1.8,0.2
4,HISTORY                ,A,2014,8470,7.3,5.9,9.4,10.8,11.3,12.1,10.8,9.8,7.9,5.9,5.4,3,0.4,0.1
4,HISTORY                ,G,2014,3711,6.5,10.3,7.3,10.5,13.7,8.9,9.8,10.4,6.4,6,6.2,2.9,0.9,0.2
5,GEOGRAPHY              ,A,2014,19694,3.5,5.6,8,9.9,12.8,12.3,12,11.3,9.1,6.8,5.7,2.7,0.2,0
5,GEOGRAPHY              ,G,2014,5429,1.9,2.8,5.7,8.4,11.9,13.9,15.3,14.3,8.8,6.8,5.7,3.4,1,0.1
6,LATIN                  ,A,2014,108,14.8,13.9,14.8,10.2,9.3,11.1,4.6,7.4,6.5,2.8,0.9,2.8,0.9,0
8,CLASSICAL STUDIES      ,A,2014,500,4.4,7,8,10.2,10.2,8.6,9.6,9.8,8.6,7,6.8,6.2,3.2,0.4
8,CLASSICAL STUDIES      ,G,2014,51,3.9,3.9,3.9,9.8,3.9,5.9,7.8,5.9,3.9,9.8,19.6,5.9,13.7,2
10,FRENCH                 ,A,2014,15014,5.3,6.8,8.1,9.1,10.4,11.4,11.6,11.9,9.9,7.4,5.7,2.1,0.1,0
10,FRENCH                 ,G,2014,11482,0.2,0.8,2.7,5.3,9,13,14.2,15.1,12.4,9.9,9.3,6.6,1.3,0.1
11,GERMAN                 ,A,2014,4722,7,7.9,8.1,9.9,11.7,11.8,10.5,10.1,9.7,6.3,4.8,2.1,0.2,0
11,GERMAN                 ,G,2014,2135,0.7,3.4,5.9,12.3,13.7,14,11.5,9.2,9.5,6,6.5,5.1,1.8,0.3
12,SPANISH                ,A,2014,3397,7.5,8.9,10.4,11.2,11.1,10.7,10,9.7,8.2,5.9,4.2,2,0.2,0
12,SPANISH                ,G,2014,1943,0.9,3.8,7.1,11.4,13.2,12.8,11.7,11,8,6.8,7.3,4.3,1.4,0.2
13,ITALIAN                ,A,2014,248,10.9,10.9,10.1,6.5,9.7,11.7,9.3,12.1,6,6,4,2.4,0.4,0
13,ITALIAN                ,G,2014,85,0,1.2,2.4,4.7,9.4,10.6,11.8,14.1,14.1,9.4,16.5,5.9,0,0
14,ART                    ,A,2014,7723,0.8,4,7.7,11.7,14.1,14.5,13.9,12.5,9.8,5.8,3.8,1.1,0.1,0.1
14,ART                    ,G,2014,2110,0.2,1.2,4.1,7.3,11,15.6,15.8,14.4,11,7.6,5.4,3.8,1.5,0.9
20,APPLIED MATHEMATICS    ,A,2014,1569,14.7,13.6,8.3,10,9.2,8,6.2,8.4,3.3,4.5,6,5.6,1.8,0.4
20,APPLIED MATHEMATICS    ,G,2014,137,37.2,4.4,13.1,3.6,5.1,8.8,3.6,4.4,6.6,3.6,0.7,2.9,4.4,1.5
21,PHYSICS                ,A,2014,5399,9.8,10,8.7,9.3,10,8.6,8,8,6.8,5.9,6.7,6.3,1.5,0.4
21,PHYSICS                ,G,2014,1778,6.1,8.8,7.8,9.6,13.5,8.1,10,9.4,5.5,5.1,6.3,6.4,2.7,0.9
22,CHEMISTRY              ,A,2014,7226,9.7,10.9,10.6,9.5,9,7.8,7.5,7.8,5.9,5.5,6.8,6,2.5,0.4
22,CHEMISTRY              ,G,2014,1378,3.2,6.3,6,8.9,9.9,9.4,10.7,8.6,7.5,6.5,7.6,9.1,5.5,1
23,PHYSICS & CHEMISTRY    ,A,2014,361,9.4,11.4,8.3,9.1,9.1,7.5,7.2,8.9,5.8,5.8,6.4,7.2,3.6,0.3
23,PHYSICS & CHEMISTRY    ,G,2014,105,0,1.9,0,5.7,6.7,6.7,9.5,10.5,7.6,8.6,9.5,10.5,15.2,7.6
24,AGRICULTURAL SCIENCE   ,A,2014,6329,4.7,6.2,7.2,9.5,9.8,9.4,10.6,9.9,8.8,7,8.8,6.8,0.9,0.1
24,AGRICULTURAL SCIENCE   ,G,2014,1597,0.3,0.3,0.8,3.5,5.6,8.4,11.1,12.3,12.3,12.7,14,14.3,4,0.4
25,BIOLOGY                ,A,2014,24442,5.6,8,6.9,8.8,10.1,9.1,9.8,11.1,8.7,7.8,7.4,5.6,1.1,0.1
25,BIOLOGY                ,G,2014,8514,0.3,1.3,2.7,5.1,11,9.6,13.1,16.5,10,10.7,10.5,7.2,1.8,0.1
26,AGRICULTURAL ECONOMICS ,A,2014,78,1.3,6.4,1.3,14.1,10.3,10.3,23.1,7.7,11.5,1.3,10.3,1.3,1.3,0
27,ENGINEERING            ,A,2014,4172,2.6,6.6,10.2,12.3,12,13.2,11.9,10.5,8.8,5.2,4,2.3,0.5,0
27,ENGINEERING            ,G,2014,1031,0,1.6,4.6,6.3,11.3,12,13.7,13.4,11.8,8.9,8.2,6.9,1.3,0
29,CONSTRUCTION STUDIES   ,A,2014,6847,2,5.7,8.8,11,11.8,13.2,13,11.3,8.9,6,5.2,2.7,0.5,0
29,CONSTRUCTION STUDIES   ,G,2014,1562,0.1,0.4,1.2,3.9,7.7,10.1,14.9,16.2,11.8,11.5,9.7,9.2,3,0.3
32,ACCOUNTING             ,A,2014,4212,7.8,12.2,13.4,13,11.2,8.8,7.6,6,5.2,4.3,4.6,4.1,1.3,0.5
32,ACCOUNTING             ,G,2014,1734,8.3,9.8,8.6,9.8,9.2,7.2,7.2,7.4,6.3,5,5.8,7.6,5.4,2.5
33,BUSINESS               ,A,2014,11674,3.3,7.4,7.8,10.2,12.4,9.3,9.4,9.8,7.2,7.3,8.3,6,1.6,0.1
33,BUSINESS               ,G,2014,4842,3.4,7.5,5.6,11.2,13.7,9.9,11.6,11.6,5.9,5.7,7,4.6,2.2,0.2
34,ECONOMICS              ,A,2014,3913,3.8,8.3,11.4,11.9,9.5,10.3,8.5,9,6,7.1,8.3,4.2,1.5,0.3
34,ECONOMICS              ,G,2014,752,2.8,8.8,8.2,11.2,14.5,12.9,11.4,6.8,8.9,5.1,4.8,2.7,1.9,0.1
58,JAPANESE               ,A,2014,224,11.2,10.7,12.9,9.8,9.8,11.2,6.3,9.4,4.9,5.4,4.9,2.7,0.9,0
58,JAPANESE               ,G,2014,74,0,1.4,2.7,10.8,13.5,12.2,16.2,10.8,10.8,5.4,5.4,8.1,1.4,1.4
59,ARABIC                 ,A,2014,108,9.3,8.3,6.5,11.1,17.6,13,10.2,9.3,4.6,1.9,2.8,2.8,0.9,1.9
59,ARABIC                 ,G,2014,19,0,5.3,5.3,5.3,10.5,10.5,5.3,5.3,5.3,5.3,10.5,5.3,15.8,10.5
65,TECHNOLOGY             ,A,2014,983,4.6,7.6,9.5,12.7,12.4,10.7,11,9.4,6.6,6.2,4.3,3.4,1.3,0.4
65,TECHNOLOGY             ,G,2014,119,0,5,7.6,10.1,11.8,7.6,11.8,10.9,12.6,4.2,7.6,7.6,2.5,0.8
67,MUSIC                  ,A,2014,5926,2.9,11.7,17.3,19,17.1,12.7,8.5,5.5,2.9,1.3,0.7,0.4,0.1,0
67,MUSIC                  ,G,2014,506,0.4,2.6,5.7,17.2,19,14.2,15.6,9.5,4.7,4.2,4.3,1.6,0.8,0.2
98,HOME ECONOMICS S & S   ,A,2014,8561,2.7,6,8,11.2,12.7,12.9,13.6,10.6,9.4,6.3,4.2,2.2,0.2,0
98,HOME ECONOMICS S & S   ,G,2014,3466,0.3,2.3,6.9,9.2,12.6,14.2,11.7,11.2,9.5,6.8,6.9,6.1,1.9,0.3
99,RUSSIAN                ,A,2014,292,70.5,12,5.1,3.4,1.4,3.8,0.3,1,0.3,0.3,1,0.7,0,0
99,RUSSIAN                ,G,2014,17,52.9,29.4,0,5.9,0,0,0,0,0,5.9,0,0,5.9,0
223,RELIGIOUS EDUCATION    ,A,2014,1068,2.7,9.9,6.1,12.5,14,13.1,10.8,11,7.3,4.4,5,2.2,0.9,0
223,RELIGIOUS EDUCATION    ,G,2014,153,0.7,9.2,2.6,5.9,17,3.3,6.5,22.2,0.7,4.6,13.7,3.3,9.2,1.3
562,DESIGN & COMMUNICATION ,A,2014,4097,6.2,7.8,9.7,11,12.5,11.5,11.2,9.5,7.2,5.6,4.4,2.7,0.6,0.1
562,DESIGN & COMMUNICATION ,G,2014,1257,1,5,8.5,12.1,13.4,12.3,13.2,9.1,7.2,6.1,3.9,5,2.2,0.8
,,,,,,,,,,,,,,,,,,
1,IRISH                  ,A,2015,19460,6.5,9.3,11.4,12.9,13.4,13.3,12.3,9.2,6.1,3.4,1.7,0.4,0.1,0
1,IRISH                  ,B,2015,3543,2.5,4.5,7.6,10.1,10.6,13.5,13,12.5,9.2,5.8,4.8,4.7,1,0.1
1,IRISH                  ,G,2015,23562,0.4,1.8,5.5,9.9,13.5,15.4,14.3,13.2,9.9,6.6,5.5,3.3,0.7,0
2,ENGLISH                ,A,2015,36060,3.2,5.8,5.5,9.5,12.2,13.4,15,11.4,12.7,6.2,3.9,1,0.1,0
2,ENGLISH                ,G,2015,17064,1.7,5.4,4.3,9.2,15.8,10.8,14.2,14.7,7.4,6.6,6.3,2.8,0.8,0.2
3,MATHEMATICS            ,A,2015,14691,5.2,5.5,7.1,8.3,10,11.4,11.7,11.6,9.5,8.1,6.6,4.3,0.7,0
3,MATHEMATICS            ,B,2015,5613,3.5,5.7,7.6,11.1,13.6,11.8,12.5,10.1,7.1,5.8,5.8,4.2,1,0.1
3,MATHEMATICS            ,G,2015,33266,1.3,4.2,8.2,11.3,12.8,13.2,12.1,10.6,8.4,6.2,5.8,4.6,1.1,0.1
4,HISTORY                ,A,2015,8441,7.5,6.7,10.5,10.5,11.7,12.3,11.7,8.6,8.2,5.3,4.5,2.1,0.2,0.1
4,HISTORY                ,G,2015,3744,5.7,8.6,7.1,9.5,12.8,9,11.6,12,6.3,6.7,6.6,3,0.9,0.1
5,GEOGRAPHY              ,A,2015,19796,3.2,5.8,7.9,10.3,12.7,13.2,13.3,9.7,10.7,6.5,4.7,1.9,0.2,0
5,GEOGRAPHY              ,G,2015,5336,1.6,2.7,6.6,9.7,11.2,17.7,13.7,11.4,10,6.6,4.7,3.5,0.6,0
6,LATIN                  ,A,2015,110,30.9,10,24.5,10,5.5,9.1,4.5,1.8,0.9,0,0,0.9,1.8,0
8,CLASSICAL STUDIES      ,A,2015,473,5.1,7,9.9,11,12.7,11.4,12.5,8,4.7,4.7,5.7,4.7,1.9,0.8
8,CLASSICAL STUDIES      ,G,2015,53,0,1.9,1.9,5.7,11.3,7.5,11.3,17,5.7,11.3,3.8,17,5.7,0
10,FRENCH                 ,A,2015,15408,6.5,6.7,7.7,8.7,9.8,11,11,10.6,9.4,7.8,6.9,3.5,0.2,0
10,FRENCH                 ,G,2015,11390,0.3,1.6,4.4,7.6,11.5,13.2,12.7,11.8,10.3,8.4,9,7.4,1.6,0.1
11,GERMAN                 ,A,2015,5154,8.7,6.1,7.6,9.2,9.8,10.5,11.5,11.4,9.6,7.5,5.5,2.4,0.2,0
11,GERMAN                 ,G,2015,2118,0.2,2.5,7.1,11.4,13.2,14,12.1,11.7,8.5,6,6.3,5.1,1.6,0.3
12,SPANISH                ,A,2015,3655,8.5,8,9.4,10.9,12.8,12.3,11.2,10,7.7,4.7,3.2,1.2,0.1,0
12,SPANISH                ,G,2015,2138,0.8,2,6.1,9.4,12.9,14.1,13.1,10.7,9.4,6.3,8,5.6,1.6,0
13,ITALIAN                ,A,2015,325,13.8,12.3,8.6,10.8,11.1,7.1,8,9.8,7.1,4.3,5.5,1.5,0,0
13,ITALIAN                ,G,2015,111,0,2.7,0.9,6.3,14.4,10.8,11.7,15.3,7.2,9,8.1,8.1,3.6,1.8
14,ART                    ,A,2015,7840,1.1,3.8,8,11.2,13.6,14.6,14.3,13.2,9.6,6.2,3.5,0.9,0.1,0.1
14,ART                    ,G,2015,2045,0.1,1.1,3.1,7,10.5,15.2,17.6,15.9,11.1,7.3,6,2.9,1.5,0.7
20,APPLIED MATHEMATICS    ,A,2015,1729,16.3,11.7,8,9.7,9.3,7.4,7,6.8,4.9,4.7,6.3,4.9,2.4,0.6
20,APPLIED MATHEMATICS    ,G,2015,190,23.2,13.7,9.5,9.5,8.9,5.8,7.4,5.3,1.6,3.2,3.2,5.8,2.6,0.5
21,PHYSICS                ,A,2015,5764,12.3,8.3,8.1,8.9,7.8,8,7.7,8,6.7,7.2,7.4,7.2,2,0.3
21,PHYSICS                ,G,2015,1744,5.5,8.9,7.1,11.1,13,9.6,10.8,8,6.9,5,5.3,4.9,2.9,1
22,CHEMISTRY              ,A,2015,7533,12.8,9.2,10.2,9.1,9.1,7.8,8,7.3,5.7,5.4,6.7,6.2,2,0.3
22,CHEMISTRY              ,G,2015,1405,1.6,4.8,4.8,7,9.2,8.9,10.1,10.7,8,6.7,9.5,11.6,5.8,1.1
23,PHYSICS & CHEMISTRY    ,A,2015,437,4.8,9.6,7.1,8.5,11.4,6.4,9.2,11,5.3,7.8,6.6,6.4,4.3,1.6
23,PHYSICS & CHEMISTRY    ,G,2015,115,0,1.7,0.9,2.6,9.6,7,6.1,10.4,7,5.2,13,13,14.8,8.7
24,AGRICULTURAL SCIENCE   ,A,2015,6067,4.5,6.8,8.9,9.4,9.8,9.7,9.4,9.4,8.3,7.3,8.4,6.7,1.3,0.1
24,AGRICULTURAL SCIENCE   ,G,2015,1605,0.1,0.2,1.1,2.7,5.7,9.7,13.6,10.5,12.9,11.2,13.5,13.8,4.4,0.5
25,BIOLOGY                ,A,2015,25595,6.5,8.9,9.1,10,10.9,9.7,9.8,9.6,7.8,6.4,6.3,4.3,0.7,0.1
25,BIOLOGY                ,G,2015,8269,0.3,1.1,2.5,6.1,10.1,12.3,14.6,14.8,11.2,10.3,8.8,6.2,1.6,0.1
26,AGRICULTURAL ECONOMICS ,A,2015,85,1.2,9.4,10.6,12.9,14.1,18.8,8.2,11.8,5.9,2.4,4.7,0,0,0
27,ENGINEERING            ,A,2015,4408,2.8,6,10.1,12.4,13.5,13.5,12.2,10,8.6,5.2,3.5,2,0.2,0
27,ENGINEERING            ,G,2015,968,0.6,1.9,6.4,7.1,14,11.9,15.4,11.6,10.8,8.7,6.1,4.4,1,0
29,CONSTRUCTION STUDIES   ,A,2015,6877,2.7,5.6,9.7,11,11.6,12,12,10.8,8.8,6.2,5.3,3.8,0.7,0
29,CONSTRUCTION STUDIES   ,G,2015,1392,0,0.1,1.4,3.8,8,12.1,13.1,15.1,14.5,9.4,10.5,8.6,2.9,0.3
32,ACCOUNTING             ,A,2015,4748,9.6,11.4,11.5,10.3,9.8,8.9,7.1,7.6,6.1,4.7,5.9,5.2,1.6,0.3
32,ACCOUNTING             ,G,2015,1727,9.1,9.2,10.8,11.1,8.8,8.5,6.3,5.6,5.7,3.9,6.3,7.7,5.1,1.9
33,BUSINESS               ,A,2015,12154,4,7,8,9.5,11.1,9.1,10.1,10.5,7.4,7.1,8.8,6.1,1.2,0.1
33,BUSINESS               ,G,2015,4722,3.1,7.4,5.5,10.6,14.8,10,11.2,11.4,5.8,6.5,7,4.6,1.8,0.3
34,ECONOMICS              ,A,2015,4088,3.3,8.4,8.5,11,11.4,10.1,9.3,10.4,5.7,6.7,9.6,4.5,1,0.1
34,ECONOMICS              ,G,2015,960,3.6,7.7,10.8,13.4,10.4,14.4,10.1,7.8,8,5,4,3.3,1.1,0.2
58,JAPANESE               ,A,2015,234,12.4,11.5,8.5,13.7,9,11.1,7.7,7.7,5.1,5.1,4.3,2.1,1.7,0
58,JAPANESE               ,G,2015,62,0,0,3.2,6.5,6.5,9.7,4.8,14.5,8.1,11.3,12.9,17.7,4.8,0
59,ARABIC                 ,A,2015,94,5.3,8.5,7.4,10.6,13.8,11.7,7.4,13.8,5.3,6.4,4.3,3.2,1.1,1.1
59,ARABIC                 ,G,2015,28,3.6,10.7,0,10.7,7.1,10.7,14.3,10.7,0,7.1,0,14.3,3.6,7.1
65,TECHNOLOGY             ,A,2015,1168,4.9,8,11.1,11,14.1,12.1,12.1,8.3,7,4.4,3.6,2.7,0.6,0.1
65,TECHNOLOGY             ,G,2015,160,1.3,0,11.9,8.8,7.5,15.6,11.3,10,10,9.4,4.4,6.9,3.1,0
67,MUSIC                  ,A,2015,5866,3.8,10.4,16.6,18.7,18.1,13.7,8.3,5.1,2.7,1.5,0.8,0.4,0.1,0.1
67,MUSIC                  ,G,2015,459,1.1,3.3,9.8,15.7,17.2,14.4,12.2,8.1,7.2,3.9,3.7,2.4,0.7,0.4
98,HOME ECONOMICS S & S   ,A,2015,8754,2.4,6.7,9.4,12.6,13.7,13.6,12,10.2,7.7,6.1,3.7,1.8,0.1,0
98,HOME ECONOMICS S & S   ,G,2015,3143,0.2,1.9,4.4,8.2,13,14.4,15.4,12.3,10.8,6.3,6,5.3,1.4,0.2
99,RUSSIAN                ,A,2015,272,72.1,9.9,5.9,4,2.6,2.2,0.7,0.7,0.7,0,0.4,0,0,0.7
99,RUSSIAN                ,G,2015,13,7.7,23.1,0,23.1,0,0,7.7,0,0,15.4,15.4,0,7.7,0
223,RELIGIOUS EDUCATION    ,A,2015,1010,2.6,10.8,6.8,11.6,17.5,10.7,11.5,10.4,5,4.2,6.3,2.1,0.4,0.1
223,RELIGIOUS EDUCATION    ,G,2015,157,1.3,8.9,0,1.9,19.1,0.6,4.5,20.4,0,5.1,17.8,15.3,5.1,0
562,DESIGN & COMMUNICATION ,A,2015,4192,6.5,7.9,8.6,12.2,13.1,11.5,11,10,6.8,5.2,4.4,2.1,0.7,0
562,DESIGN & COMMUNICATION ,G,2015,1170,2.7,6.9,9.4,10.6,10.9,12.8,9.1,11.3,7.4,5.1,5.7,5.3,2,0.7
