"Year","Tariff group of provider","Deferred entry","Main scheme applications","Main scheme offers","Main scheme offer rate"
"2006","Lower tariff","Not deferred","722570","524905","0.726"
"2007","Lower tariff","Not deferred","762470","547605","0.718"
"2008","Lower tariff","Not deferred","705465","504865","0.716"
"2009","Lower tariff","Not deferred","786100","544105","0.6920000000000001"
"2010","Lower tariff","Not deferred","936895","583110","0.622"
"2011","Lower tariff","Not deferred","1042470","622925","0.598"
"2012","Lower tariff","Not deferred","933485","574495","0.615"
"2013","Lower tariff","Not deferred","934225","619695","0.663"
"2014","Lower tariff","Not deferred","967345","648230","0.67"
"2015","Lower tariff","Not deferred","957005","659415","0.6890000000000001"
"2016","Lower tariff","Not deferred","933145","643790","0.6900000000000001"
"2017","Lower tariff","Not deferred","851880","618280","0.726"
"2018","Lower tariff","Not deferred","800270","601335","0.751"
"2019","Lower tariff","Not deferred","780355","593735","0.761"
"2020","Lower tariff","Not deferred","793410","612705","0.772"
"2021","Lower tariff","Not deferred","835680","640490","0.766"
"2022","Lower tariff","Not deferred","875075","650785","0.744"
"2023","Lower tariff","Not deferred","831595","624105","0.75"
"2006","Higher tariff","Not deferred","754635","428965","0.5680000000000001"
"2007","Higher tariff","Not deferred","805070","458060","0.5690000000000001"
"2008","Higher tariff","Not deferred","746330","432260","0.579"
"2009","Higher tariff","Not deferred","792465","445630","0.562"
"2010","Higher tariff","Not deferred","849715","448060","0.527"
"2011","Higher tariff","Not deferred","865045","453815","0.525"
"2012","Higher tariff","Not deferred","824890","454910","0.551"
"2013","Higher tariff","Not deferred","871660","498740","0.5720000000000001"
"2014","Higher tariff","Not deferred","909620","537910","0.591"
"2015","Higher tariff","Not deferred","957185","579785","0.606"
"2016","Higher tariff","Not deferred","989180","606795","0.613"
"2017","Higher tariff","Not deferred","1000660","629860","0.629"
"2018","Higher tariff","Not deferred","1014040","634580","0.626"
"2019","Higher tariff","Not deferred","1045455","661030","0.632"
"2020","Higher tariff","Not deferred","1090285","694560","0.637"
"2021","Higher tariff","Not deferred","1167800","690430","0.591"
"2022","Higher tariff","Not deferred","1210805","652025","0.539"
"2023","Higher tariff","Not deferred","1203185","680130","0.5650000000000001"
"2006","Medium tariff","Not deferred","597555","417135","0.6980000000000001"
"2007","Medium tariff","Not deferred","649030","452330","0.6970000000000001"
"2008","Medium tariff","Not deferred","619340","434630","0.7020000000000001"
"2009","Medium tariff","Not deferred","685260","467215","0.682"
"2010","Medium tariff","Not deferred","806805","499205","0.619"
"2011","Medium tariff","Not deferred","869685","517000","0.594"
"2012","Medium tariff","Not deferred","779400","487210","0.625"
"2013","Medium tariff","Not deferred","813325","533700","0.656"
"2014","Medium tariff","Not deferred","852845","564815","0.662"
"2015","Medium tariff","Not deferred","876400","585235","0.668"
"2016","Medium tariff","Not deferred","878390","597105","0.68"
"2017","Medium tariff","Not deferred","841150","595440","0.708"
"2018","Medium tariff","Not deferred","816330","594075","0.728"
"2019","Medium tariff","Not deferred","807915","594235","0.736"
"2020","Medium tariff","Not deferred","809030","595705","0.736"
"2021","Medium tariff","Not deferred","839535","605090","0.721"
"2022","Medium tariff","Not deferred","860525","600805","0.6980000000000001"
"2023","Medium tariff","Not deferred","833235","594405","0.713"
"2006","Lower tariff","Deferred","35005","28395","0.811"
"2007","Lower tariff","Deferred","34290","27300","0.796"
"2008","Lower tariff","Deferred","31515","24935","0.791"
"2009","Lower tariff","Deferred","32100","24895","0.775"
"2010","Lower tariff","Deferred","35835","24400","0.681"
"2011","Lower tariff","Deferred","19965","11345","0.5680000000000001"
"2012","Lower tariff","Deferred","27895","19240","0.6900000000000001"
"2013","Lower tariff","Deferred","27270","20005","0.734"
"2014","Lower tariff","Deferred","28275","20905","0.739"
"2015","Lower tariff","Deferred","29075","21865","0.752"
"2016","Lower tariff","Deferred","28495","21795","0.765"
"2017","Lower tariff","Deferred","26625","21260","0.798"
"2018","Lower tariff","Deferred","24885","20485","0.8230000000000001"
"2019","Lower tariff","Deferred","23950","19885","0.8300000000000001"
"2020","Lower tariff","Deferred","23965","20395","0.851"
"2021","Lower tariff","Deferred","28720","24835","0.865"
"2022","Lower tariff","Deferred","27230","22310","0.8190000000000001"
"2023","Lower tariff","Deferred","27965","23430","0.838"
"2006","Higher tariff","Deferred","66315","44330","0.669"
"2007","Higher tariff","Deferred","64710","42965","0.664"
"2008","Higher tariff","Deferred","57100","38350","0.672"
"2009","Higher tariff","Deferred","55385","36300","0.655"
"2010","Higher tariff","Deferred","52785","32325","0.612"
"2011","Higher tariff","Deferred","29245","15370","0.526"
"2012","Higher tariff","Deferred","40420","25910","0.641"
"2013","Higher tariff","Deferred","37030","24325","0.657"
"2014","Higher tariff","Deferred","37715","25420","0.674"
"2015","Higher tariff","Deferred","40735","27350","0.671"
"2016","Higher tariff","Deferred","39205","26765","0.683"
"2017","Higher tariff","Deferred","41675","29500","0.708"
"2018","Higher tariff","Deferred","40560","29695","0.732"
"2019","Higher tariff","Deferred","42115","31185","0.74"
"2020","Higher tariff","Deferred","42120","32265","0.766"
"2021","Higher tariff","Deferred","48965","36490","0.745"
"2022","Higher tariff","Deferred","43480","28790","0.662"
"2023","Higher tariff","Deferred","45990","32625","0.709"
"2006","Medium tariff","Deferred","39350","31745","0.807"
"2007","Medium tariff","Deferred","39500","31700","0.802"
"2008","Medium tariff","Deferred","35890","28500","0.794"
"2009","Medium tariff","Deferred","36100","28185","0.781"
"2010","Medium tariff","Deferred","38460","27955","0.727"
"2011","Medium tariff","Deferred","20600","12515","0.608"
"2012","Medium tariff","Deferred","30160","21730","0.721"
"2013","Medium tariff","Deferred","28355","21395","0.755"
"2014","Medium tariff","Deferred","28745","21790","0.758"
"2015","Medium tariff","Deferred","30690","23275","0.758"
"2016","Medium tariff","Deferred","31285","24370","0.779"
"2017","Medium tariff","Deferred","31420","25455","0.81"
"2018","Medium tariff","Deferred","30595","25725","0.841"
"2019","Medium tariff","Deferred","30375","25645","0.844"
"2020","Medium tariff","Deferred","29905","25625","0.857"
"2021","Medium tariff","Deferred","34790","29850","0.858"
"2022","Medium tariff","Deferred","31360","25875","0.8250000000000001"
"2023","Medium tariff","Deferred","35050","29420","0.839"
"2006","All","Not deferred","2074765","1371010","0.661"
"2007","All","Not deferred","2216570","1457995","0.658"
"2008","All","Not deferred","2071135","1371750","0.662"
"2009","All","Not deferred","2263825","1456945","0.644"
"2010","All","Not deferred","2593415","1530370","0.59"
"2011","All","Not deferred","2777200","1593735","0.5740000000000001"
"2012","All","Not deferred","2537775","1516610","0.598"
"2013","All","Not deferred","2619210","1652135","0.631"
"2014","All","Not deferred","2729810","1750955","0.641"
"2015","All","Not deferred","2790590","1824430","0.654"
"2016","All","Not deferred","2800715","1847685","0.66"
"2017","All","Not deferred","2693690","1843580","0.684"
"2018","All","Not deferred","2630640","1829985","0.6960000000000001"
"2019","All","Not deferred","2633725","1849000","0.7020000000000001"
"2020","All","Not deferred","2692725","1902970","0.707"
"2021","All","Not deferred","2843010","1936010","0.681"
"2022","All","Not deferred","2946405","1903615","0.646"
"2023","All","Not deferred","2868015","1898640","0.662"
"2006","All","Deferred","140670","104470","0.743"
"2007","All","Deferred","138500","101965","0.736"
"2008","All","Deferred","124505","91785","0.737"
"2009","All","Deferred","123590","89380","0.723"
"2010","All","Deferred","127080","84680","0.666"
"2011","All","Deferred","69815","39230","0.562"
"2012","All","Deferred","98475","66885","0.679"
"2013","All","Deferred","92655","65725","0.709"
"2014","All","Deferred","94735","68115","0.719"
"2015","All","Deferred","100505","72495","0.721"
"2016","All","Deferred","98985","72935","0.737"
"2017","All","Deferred","99715","76215","0.764"
"2018","All","Deferred","96040","75905","0.79"
"2019","All","Deferred","96440","76715","0.795"
"2020","All","Deferred","95990","78285","0.8160000000000001"
"2021","All","Deferred","112480","91175","0.811"
"2022","All","Deferred","102075","76980","0.754"
"2023","All","Deferred","109005","85475","0.784"
"2006","Lower tariff","All","757580","553300","0.73"
"2007","Lower tariff","All","796755","574900","0.722"
"2008","Lower tariff","All","736980","529800","0.719"
"2009","Lower tariff","All","818205","568995","0.6950000000000001"
"2010","Lower tariff","All","972730","607510","0.625"
"2011","Lower tariff","All","1062435","634265","0.597"
"2012","Lower tariff","All","961380","593735","0.618"
"2013","Lower tariff","All","961500","639700","0.665"
"2014","Lower tariff","All","995620","669130","0.672"
"2015","Lower tariff","All","986080","681280","0.6910000000000001"
"2016","Lower tariff","All","961640","665585","0.6920000000000001"
"2017","Lower tariff","All","878500","639540","0.728"
"2018","Lower tariff","All","825160","621820","0.754"
"2019","Lower tariff","All","804310","613620","0.763"
"2020","Lower tariff","All","817375","633100","0.775"
"2021","Lower tariff","All","864400","665325","0.77"
"2022","Lower tariff","All","902305","673095","0.746"
"2023","Lower tariff","All","859560","647535","0.753"
"2006","Higher tariff","All","820950","473300","0.577"
"2007","Higher tariff","All","869780","501025","0.5760000000000001"
"2008","Higher tariff","All","803430","470610","0.586"
"2009","Higher tariff","All","847850","481930","0.5680000000000001"
"2010","Higher tariff","All","902500","480385","0.532"
"2011","Higher tariff","All","894290","469185","0.525"
"2012","Higher tariff","All","865310","480820","0.556"
"2013","Higher tariff","All","908690","523060","0.5760000000000001"
"2014","Higher tariff","All","947330","563335","0.595"
"2015","Higher tariff","All","997920","607135","0.608"
"2016","Higher tariff","All","1028385","633560","0.616"
"2017","Higher tariff","All","1042335","659360","0.633"
"2018","Higher tariff","All","1054600","664270","0.63"
"2019","Higher tariff","All","1087565","692215","0.636"
"2020","Higher tariff","All","1132405","726825","0.642"
"2021","Higher tariff","All","1216765","726915","0.597"
"2022","Higher tariff","All","1254285","680815","0.543"
"2023","Higher tariff","All","1249175","712755","0.5710000000000001"
"2006","Medium tariff","All","636905","448880","0.705"
"2007","Medium tariff","All","688530","484030","0.7030000000000001"
"2008","Medium tariff","All","655230","463130","0.707"
"2009","Medium tariff","All","721360","495400","0.687"
"2010","Medium tariff","All","845265","527160","0.624"
"2011","Medium tariff","All","890285","529515","0.595"
"2012","Medium tariff","All","809560","508940","0.629"
"2013","Medium tariff","All","841680","555100","0.66"
"2014","Medium tariff","All","881590","586605","0.665"
"2015","Medium tariff","All","907090","608510","0.671"
"2016","Medium tariff","All","909675","621475","0.683"
"2017","Medium tariff","All","872570","620900","0.712"
"2018","Medium tariff","All","846920","619800","0.732"
"2019","Medium tariff","All","838290","619880","0.739"
"2020","Medium tariff","All","838935","621330","0.741"
"2021","Medium tariff","All","874325","634945","0.726"
"2022","Medium tariff","All","891885","626680","0.7030000000000001"
"2023","Medium tariff","All","868290","623825","0.718"
"2006","All","All","2215435","1475480","0.666"
"2007","All","All","2355070","1559955","0.662"
"2008","All","All","2195635","1463540","0.667"
"2009","All","All","2387415","1546325","0.648"
"2010","All","All","2720500","1615050","0.594"
"2011","All","All","2847010","1632965","0.5740000000000001"
"2012","All","All","2636250","1583495","0.601"
"2013","All","All","2711870","1717860","0.633"
"2014","All","All","2824540","1819070","0.644"
"2015","All","All","2891090","1896925","0.656"
"2016","All","All","2899700","1920620","0.662"
"2017","All","All","2793405","1919800","0.687"
"2018","All","All","2726680","1905890","0.6990000000000001"
"2019","All","All","2730165","1925715","0.705"
"2020","All","All","2788715","1981255","0.71"
"2021","All","All","2955490","2027185","0.686"
"2022","All","All","3048480","1980590","0.65"
"2023","All","All","2977020","1984115","0.666"