RECTYPE,LEA,ESTAB,URN,SCHNAME,SCHNAME_AC,ADDRESS1,ADDRESS2,ADDRESS3,TOWN,PCODE,TELNUM,PCON_CODE,PCON_NAME,CONTFLAG,ICLOSE,NFTYPE,RELDENOM,ADMPOL,ADMPOL_PT,EGENDER,FEEDER,TABKS2,TAB1618,AGERANGE,TOTPUPS,NUMBOYS,NUMGIRLS,TPUP,BPUP,PBPUP,GPUP,PGPUP,KS2ASS,TPRIORLO,PTPRIORLO,TPRIORAV,PTPRIORAV,TPRIORHI,PTPRIORHI,TFSM6CLA1A,PTFSM6CLA1A,TNOTFSM6CLA1A,PTNOTFSM6CLA1A,TEALGRP2,PTEALGRP2,TEALGRP1,PTEALGRP1,TEALGRP3,PTEALGRP3,TNMOB,PTNMOB,SENE4,PSENE4,SEN_ALL4,PSEN_ALL4,SENK4,PSENK4,TOTATT8,ATT8SCR,TOTATT8ENG,ATT8SCRENG,TOTATT8MAT,ATT8SCRMAT,TOTATT8EBAC,ATT8SCREBAC,TOTATT8OPEN,ATT8SCROPEN,TOTATT8OPENG,ATT8SCROPENG,TOTATT8OPENNG,ATT8SCROPENNG,AVGEBACFILL,AVGOPENFILL,P8PUP,TP8ADJ,P8MEACOV,P8MEA,P8CILOW,P8CIUPP,P8MEA_ORIG,P8CILOW_ORIG,P8CIUPP_ORIG,P8MEAENG,P8MEAENG_CILOW,P8MEAENG_CIUPP,P8MEAMAT,P8MEAMAT_CILOW,P8MEAMAT_CIUPP,P8MEAEBAC,P8MEAEBAC_CILOW,P8MEAEBAC_CIUPP,P8MEAOPEN,P8MEAOPEN_CILOW,P8MEAOPEN_CIUPP,PTL2BASICS_94,PTL2BASICS_95,TOTEBACCAPS,EBACCAPS,EBACCAPS_FSM6CLA1A,EBACCAPS_NFSM6CLA1A,EBACCAPS_LO,EBACCAPS_MID,EBACCAPS_HI,EBACCAPS_EAL,EBACCAPS_GIRLS,EBACCAPS_BOYS,EBACCAPS_NMOB,EBACCAPS_20,EBACCAPS_FSM6CLA1A_20,EBACCAPS_NFSM6CLA1A_20,EBACCAPS_21,EBACCAPS_FSM6CLA1A_21,EBACCAPS_NFSM6CLA1A_21,TEBACC_E_PTQ_EE,PTEBACC_E_PTQ_EE,PTEBACC_94,PTEBACC_95,TEBACENG_E_PTQ_EE,PTEBACENG_E_PTQ_EE,TEBACMAT_E_PTQ_EE,PTEBACMAT_E_PTQ_EE,TEBAC2SCI_E_PTQ_EE,PTEBAC2SCI_E_PTQ_EE,TEBACHUM_E_PTQ_EE,PTEBACHUM_E_PTQ_EE,TEBACLAN_E_PTQ_EE,PTEBACLAN_E_PTQ_EE,PTEBACENG_94,PTEBACENG_95,PTEBACMAT_94,PTEBACMAT_95,PTEBAC2SCI_94,PTEBAC2SCI_95,PTEBACHUM_94,PTEBACHUM_95,PTEBACLAN_94,PTEBACLAN_95,SCIVAPUP_PTQ_EE,SCIVACOV_PTQ_EE,HUMVAPUP_PTQ_EE,HUMVACOV_PTQ_EE,LANVAPUP_PTQ_EE,LANVACOV_PTQ_EE,SCIVAMEA_PTQ_EE,SCIVALOW_PTQ_EE,SCIVAUPP_PTQ_EE,HUMVAMEA_PTQ_EE,HUMVALOW_PTQ_EE,HUMVAUPP_PTQ_EE,LANVAMEA_PTQ_EE,LANVALOW_PTQ_EE,LANVAUPP_PTQ_EE,TEBACENG_94,TEBACENG_95,TEBACMAT_94,TEBACMAT_95,TEBAC2SCI_94,TEBAC2SCI_95,TEBACHUM_94,TEBACHUM_95,TEBACLAN_94,TEBACLAN_95,TEBACC91,PTEBACC91,TEBACENG91,PTEBACENG91,TEBACMAT91,PTEBACMAT91,TEBAC2SCI91,PTEBAC2SCI91,TEBACHUM91,PTEBACHUM91,TEBACLAN91,PTEBACLAN91,ATT8SCR_FSM6CLA1A,P8PUP_FSM6CLA1A,TP8ADJ_FSM6CLA1A,P8MEA_FSM6CLA1A,P8CILOW_FSM6CLA1A,P8CIUPP_FSM6CLA1A,P8MEA_FSM6CLA1A_ORIG,P8CILOW_FSM6CLA1A_ORIG,P8CIUPP_FSM6CLA1A_ORIG,ATT8SCR_NFSM6CLA1A,P8PUP_NFSM6CLA1A,TP8ADJ_NFSM6CLA1A,P8MEA_NFSM6CLA1A,P8CILOW_NFSM6CLA1A,P8CIUPP_NFSM6CLA1A,P8MEA_NFSM6CLA1A_ORIG,P8CILOW_NFSM6CLA1A_ORIG,P8CIUPP_NFSM6CLA1A_ORIG,ATT8SCRENG_FSM6CLA1A,P8MEAENG_FSM6CLA1A,P8MEAENG_CILOW_FSM6CLA1A,P8MEAENG_CIUPP_FSM6CLA1A,ATT8SCRMAT_FSM6CLA1A,P8MEAMAT_FSM6CLA1A,P8MEAMAT_CILOW_FSM6CLA1A,P8MEAMAT_CIUPP_FSM6CLA1A,ATT8SCREBAC_FSM6CLA1A,P8MEAEBAC_FSM6CLA1A,P8MEAEBAC_CILOW_FSM6CLA1A,P8MEAEBAC_CIUPP_FSM6CLA1A,ATT8SCROPEN_FSM6CLA1A,P8MEAOPEN_FSM6CLA1A,P8MEAOPEN_CILOW_FSM6CLA1A,P8MEAOPEN_CIUPP_FSM6CLA1A,ATT8SCRENG_NFSM6CLA1A,P8MEAENG_NFSM6CLA1A,P8MEAENG_CILOW_NFSM6CLA1A,P8MEAENG_CIUPP_NFSM6CLA1A,ATT8SCRMAT_NFSM6CLA1A,P8MEAMAT_NFSM6CLA1A,P8MEAMAT_CILOW_NFSM6CLA1A,P8MEAMAT_CIUPP_NFSM6CLA1A,ATT8SCREBAC_NFSM6CLA1A,P8MEAEBAC_NFSM6CLA1A,P8MEAEBAC_CILOW_NFSM6CLA1A,P8MEAEBAC_CIUPP_NFSM6CLA1A,ATT8SCROPEN_NFSM6CLA1A,P8MEAOPEN_NFSM6CLA1A,P8MEAOPEN_CILOW_NFSM6CLA1A,P8MEAOPEN_CIUPP_NFSM6CLA1A,ATT8SCROPENG_FSM6CLA1A,ATT8SCROPENNG_FSM6CLA1A,ATT8SCROPENG_NFSM6CLA1A,ATT8SCROPENNG_NFSM6CLA1A,DIFFN_ATT8,DIFFN_P8MEA,ATT8SCR_LO,P8PUP_LO,TP8ADJ_LO,P8MEA_LO,P8CILOW_LO,P8CIUPP_LO,P8MEA_LO_ORIG,P8CILOW_LO_ORIG,P8CIUPP_LO_ORIG,ATT8SCR_MID,P8PUP_MID,TP8ADJ_MID,P8MEA_MID,P8CILOW_MID,P8CIUPP_MID,P8MEA_MID_ORIG,P8CILOW_MID_ORIG,P8CIUPP_MID_ORIG,ATT8SCR_HI,P8PUP_HI,TP8ADJ_HI,P8MEA_HI,P8CILOW_HI,P8CIUPP_HI,P8MEA_HI_ORIG,P8CILOW_HI_ORIG,P8CIUPP_HI_ORIG,ATT8SCR_EAL,ATT8SCRENG_EAL,ATT8SCRMAT_EAL,ATT8SCREBAC_EAL,ATT8SCROPEN_EAL,ATT8SCROPENG_EAL,ATT8SCROPENNG_EAL,P8PUP_EAL,TP8ADJ_EAL,P8MEA_EAL,P8CILOW_EAL,P8CIUPP_EAL,P8MEA_EAL_ORIG,P8CILOW_EAL_ORIG,P8CIUPP_EAL_ORIG,ATT8SCR_GIRLS,ATT8SCRENG_GIRLS,ATT8SCRMAT_GIRLS,ATT8SCREBAC_GIRLS,ATT8SCROPEN_GIRLS,ATT8SCROPENG_GIRLS,ATT8SCROPENNG_GIRLS,P8PUP_GIRLS,TP8ADJ_GIRLS,P8MEA_GIRLS,P8CILOW_GIRLS,P8CIUPP_GIRLS,P8MEA_GIRLS_ORIG,P8CILOW_GIRLS_ORIG,P8CIUPP_GIRLS_ORIG,ATT8SCR_BOYS,ATT8SCRENG_BOYS,ATT8SCRMAT_BOYS,ATT8SCREBAC_BOYS,ATT8SCROPEN_BOYS,ATT8SCROPENG_BOYS,ATT8SCROPENNG_BOYS,P8PUP_BOYS,TP8ADJ_BOYS,P8MEA_BOYS,P8CILOW_BOYS,P8CIUPP_BOYS,P8MEA_BOYS_ORIG,P8CILOW_BOYS_ORIG,P8CIUPP_BOYS_ORIG,ATT8SCR_NMOB,ATT8SCRENG_NMOB,ATT8SCRMAT_NMOB,ATT8SCREBAC_NMOB,ATT8SCROPEN_NMOB,ATT8SCROPENG_NMOB,ATT8SCROPENNG_NMOB,P8PUP_NMOB,TP8ADJ_NMOB,P8MEA_NMOB,P8CILOW_NMOB,P8CIUPP_NMOB,P8MEA_NMOB_ORIG,P8CILOW_NMOB_ORIG,P8CIUPP_NMOB_ORIG,ATT8SCR_20,P8PUP_20,P8MEA_20,P8CILOW_20,P8CIUPP_20,ATT8SCR_FSM6CLA1A_20,P8PUP_FSM6CLA1A_20,P8MEA_FSM6CLA1A_20,P8CILOW_FSM6CLA1A_20,P8CIUPP_FSM6CLA1A_20,ATT8SCR_NFSM6CLA1A_20,P8PUP_NFSM6CLA1A_20,P8MEA_NFSM6CLA1A_20,P8CILOW_NFSM6CLA1A_20,P8CIUPP_NFSM6CLA1A_20,ATT8SCR_21,P8PUP_21,P8MEA_21,P8CILOW_21,P8CIUPP_21,ATT8SCR_FSM6CLA1A_21,P8PUP_FSM6CLA1A_21,P8MEA_FSM6CLA1A_21,P8CILOW_FSM6CLA1A_21,P8CIUPP_FSM6CLA1A_21,ATT8SCR_NFSM6CLA1A_21,P8PUP_NFSM6CLA1A_21,P8MEA_NFSM6CLA1A_21,P8CILOW_NFSM6CLA1A_21,P8CIUPP_NFSM6CLA1A_21,TEBACC_ELO_PTQ_EE,PTEBACC_ELO_PTQ_EE,PTEBACCLO_94,PTEBACCLO_95,TEBACC_EAV_PTQ_EE,PTEBACC_EAV_PTQ_EE,PTEBACCAV_94,PTEBACCAV_95,TEBACC_EHI_PTQ_EE,PTEBACC_EHI_PTQ_EE,PTEBACCHI_94,PTEBACCHI_95,PTEBACC_EFSM6CLA1A_PTQ_EE,PTEBACC_ENFSM6CLA1A_PTQ_EE,PTEBACC_94_FSM6CLA1A,PTEBACC_95_FSM6CLA1A,PTEBACC_94_NFSM6CLA1A,PTEBACC_95_NFSM6CLA1A,SCIVAMEA_LO_PTQ_EE,SCIVAMEA_MID_PTQ_EE,SCIVAMEA_HI_PTQ_EE,SCIVAMEA_FSM6CLA1A_PTQ_EE,SCIVAMEA_NFSM6CLA1A_PTQ_EE,HUMVAMEA_LO_PTQ_EE,HUMVAMEA_MID_PTQ_EE,HUMVAMEA_HI_PTQ_EE,HUMVAMEA_FSM6CLA1A_PTQ_EE,HUMVAMEA_NFSM6CLA1A_PTQ_EE,LANVAMEA_LO_PTQ_EE,LANVAMEA_MID_PTQ_EE,LANVAMEA_HI_PTQ_EE,LANVAMEA_FSM6CLA1A_PTQ_EE,LANVAMEA_NFSM6CLA1A_PTQ_EE,SCIVAUPP_FSM6CLA1A_PTQ_EE,SCIVALOW_FSM6CLA1A_PTQ_EE,SCIVAUPP_NFSM6CLA1A_PTQ_EE,SCIVALOW_NFSM6CLA1A_PTQ_EE,SCIVAUPP_LO_PTQ_EE,SCIVALOW_LO_PTQ_EE,SCIVAUPP_MID_PTQ_EE,SCIVALOW_MID_PTQ_EE,SCIVAUPP_HI_PTQ_EE,SCIVALOW_HI_PTQ_EE,HUMVAUPP_FSM6CLA1A_PTQ_EE,HUMVALOW_FSM6CLA1A_PTQ_EE,HUMVAUPP_NFSM6CLA1A_PTQ_EE,HUMVALOW_NFSM6CLA1A_PTQ_EE,HUMVAUPP_LO_PTQ_EE,HUMVALOW_LO_PTQ_EE,HUMVAUPP_MID_PTQ_EE,HUMVALOW_MID_PTQ_EE,HUMVAUPP_HI_PTQ_EE,HUMVALOW_HI_PTQ_EE,LANVAUPP_FSM6CLA1A_PTQ_EE,LANVALOW_FSM6CLA1A_PTQ_EE,LANVAUPP_NFSM6CLA1A_PTQ_EE,LANVALOW_NFSM6CLA1A_PTQ_EE,LANVAUPP_LO_PTQ_EE,LANVALOW_LO_PTQ_EE,LANVAUPP_MID_PTQ_EE,LANVALOW_MID_PTQ_EE,LANVAUPP_HI_PTQ_EE,LANVALOW_HI_PTQ_EE,PTEBACC_E_20_PTQ_EE,PTEBACC_94_20,PTEBACC_95_20,PTEBACC_E_21_PTQ_EE,PTEBACC_94_21,PTEBACC_95_21,PBEBACC_E_PTQ_EE,PBEBACC_94,PBEBACC_95,PGEBACC_E_PTQ_EE,PGEBACC_94,PGEBACC_95,PTEBACC_ENMOB_PTQ_EE,PTEBACCNMOB_94,PTEBACCNMOB_95,PTEBACC_EEAL_PTQ_EE,PTEBACCEAL_94,PTEBACCEAL_95,PTEBACC_EFSM6CLA1A_20,PTEBACC_94_FSM6CLA1A_20,PTEBACC_95_FSM6CLA1A_20,PTEBACC_ENFSM6CLA1A_20,PTEBACC_94_NFSM6CLA1A_20,PTEBACC_95_NFSM6CLA1A_20,PTEBACC_EFSM6CLA1A_21,PTEBACC_94_FSM6CLA1A_21,PTEBACC_95_FSM6CLA1A_21,PTEBACC_ENFSM6CLA1A_21,PTEBACC_94_NFSM6CLA1A_21,PTEBACC_95_NFSM6CLA1A_21,PT5EM_94,PT5EM_94_20,PT5EM_94_21,PTANYQ_PTQ_EE,PTL2BASICS_94_20,PTL2BASICS_95_20,PTL2BASICS_94_21,PTL2BASICS_95_21,PTFSM6CLA1ABASICS_94,PTNOTFSM6CLA1ABASICS_94,TBASICSLO_94,PTBASICSLO_94,TBASICSAV_94,PTBASICSAV_94,TBASICSHI_94,PTBASICSHI_94,PBL2BASICS_94,PGL2BASICS_94,PTL2BASICSEAL_94,PTL2BASICSNMOB_94,PTFSM6CLA1ABASICS_95,PTNOTFSM6CLA1ABASICS_95,TBASICSLO_95,PTBASICSLO_95,TBASICSAV_95,PTBASICSAV_95,TBASICSHI_95,PTBASICSHI_95,PBL2BASICS_95,PGL2BASICS_95,PTL2BASICSEAL_95,PTL2BASICSNMOB_95,PTFSM6CLA1ABASICS_94_20,PTFSM6CLA1ABASICS_95_20,PTNOTFSMBASICS_94_20,PTNOTFSM6CLA1ABASICS_95_20,PTFSM6CLA1ABASICS_94_21,PTFSM6CLA1ABASICS_95_21,PTNOTFSM6CLA1ABASICS_94_21,PTNOTFSM6CLA1ABASICS_95_21,PTmultiLan_E,PTtripleSci_E,TFSM6CLA1A_20,PTFSM6CLA1A_20,TNOTFSM6CLA1A_20,PTNOTFSM6CLA1A_20,TFSM6CLA1A_21,PTFSM6CLA1A_21,TNOTFSM6CLA1A_21,PTNOTFSM6CLA1A_21,TAVENT_E_3NG_PTQ_EE,TAVENT_E_3NG_LO_PTQ_EE,TAVENT_E_3NG_MID_PTQ_EE,TAVENT_E_3NG_HI_PTQ_EE,TAVENT_E_3NG_FSM6CLA1A_PTQ_EE,TAVENT_E_3NG_NFSM6CLA1A_PTQ_EE,TAVENT_EFSM6CLA1A_20_PTQ_EE,TAVENT_ENFSM6CLA1A_20_PTQ_EE,TAVENT_EFSM6CLA1A_21_PTQ_EE,TAVENT_ENFSM6CLA1A_21_PTQ_EE,TAVENT_G_PTQ_EE,TAVENT_GLO_PTQ_EE,TAVENT_GAV_PTQ_EE,TAVENT_GHI_PTQ_EE,TAVENT_GFSM6CLA1A_PTQ_EE,TAVENT_GNFSM6CLA1A_PTQ_EE,TAVENT_GFSM6CLA1A_20_PTQ_EE,TAVENT_GNFSM6CLA1A_20_PTQ_EE,TAVENT_GFSM6CLA1A_21_PTQ_EE,TAVENT_GNFSM6CLA1A_21_PTQ_EE,TTOTENT_E_TOTAL_PTQ_EE,TTOTENT_E_COVID_IMPACTED_PTQ_EE,PTOTENT_E_COVID_IMPACTED_PTQ_EE
1,201,6007,100003,City of London School,,107 Queen Victoria Street,,,London,EC4V 3AL,02036806300,E14000639,Cities of London and Westminster,0,0,IND,None,,NA,BOYS,0,0,1,10-18,1018,1018,0,142,142,100%,0,0%,NP,NP,NP,NP,NP,NP,NP,NP,NP,NP,NP,NP,NP,NP,NP,NP,NP,NP,NP,NA,NA,NA,NA,NA,NA,5233.5,36.9,1138,8,2428,17.1,713,5,954.5,6.7,915,6.4,39.5,0.3,0.6,0.8,NP,NP,NP,NP,NP,NP,NP,NP,NP,NP,NP,NP,NP,NP,NP,NP,NP,NP,NP,NP,NP,100%,100%,308.47,2.17,NP,NP,NP,NP,NP,NP,NE,2.17,NP,,,,,,,0,0%,0%,0%,0,0%,142,100%,0,0%,0,0%,78,55%,0%,0%,100%,100%,NE,NE,NE,NE,96%,96%,NP,NP,NP,NP,NP,NP,NP,NP,NP,NP,NP,NP,NP,NP,NP,0,0,142,142,NE,NE,NE,NE,75,75,0,0%,0,0%,142,100%,NE,NE,NE,NE,75,96%,NP,NP,NP,NP,NP,NP,NP,NP,NP,NP,NP,NP,NP,NP,NP,NP,NP,NP,NP,NP,NP,NP,NP,NP,NP,NP,NP,NP,NP,NP,NP,NP,NP,NP,NP,NP,NP,NP,NP,NP,NP,NP,NP,NP,NP,NP,NP,NP,NP,NP,NP,NP,NP,NP,NP,NP,NP,NP,NP,NP,NP,NP,NP,NP,NP,NP,NP,NP,NP,NP,NP,NP,NP,NP,NP,NP,NP,NP,NP,NP,NP,NP,NP,NP,NP,NP,NP,NP,NP,NP,NP,NP,NP,NP,NP,NP,NP,NP,NE,NE,NE,NE,NE,NE,NE,NP,NP,NP,NP,NP,NP,NP,NP,36.9,8,17.1,5,6.7,6.4,0.3,NP,NP,NP,NP,NP,NP,NP,NP,NP,NP,NP,NP,NP,NP,NP,NP,NP,NP,NP,NP,NP,NP,NP,,,,,,,,,,,,,,,,,,,,,,,,,,,,,,,NP,NP,NP,NP,NP,NP,NP,NP,NP,NP,NP,NP,NP,NP,NP,NP,NP,NP,NP,NP,NP,NP,NP,NP,NP,NP,NP,NP,NP,NP,NP,NP,NP,NP,NP,NP,NP,NP,NP,NP,NP,NP,NP,NP,NP,NP,NP,NP,NP,NP,NP,NP,NP,NP,NP,NP,NP,NP,NP,NP,NP,NP,NP,,,,,,,0%,0%,0%,NE,NE,NE,NP,NP,NP,NP,NP,NP,,,,,,,,,,,,,6%,,,100%,,,,,NP,NP,NP,NP,NP,NP,NP,NP,100%,NE,NP,NP,NP,NP,NP,NP,NP,NP,NP,NP,100%,NE,NP,NP,,,,,,,,,17%,0%,,,,,,,,,3.6,NP,NP,NP,NP,NP,,,,,3.5,NP,NP,NP,NP,NP,,,,,507,25,5%
1,201,6005,100001,City of London School for Girls,,St Giles' Terrace,Barbican,,London,EC2Y 8BB,02078475500,E14000639,Cities of London and Westminster,0,0,IND,None,,NA,MIXED,0,0,1,7-18,809,0,809,101,0,0%,101,100%,NP,NP,NP,NP,NP,NP,NP,NP,NP,NP,NP,NP,NP,NP,NP,NP,NP,NP,NP,NA,NA,NA,NA,NA,NA,5945,58.9,1752,17.3,0,0,1982,19.6,2211,21.9,2177,21.6,34,0.3,2.3,2.6,NP,NP,NP,NP,NP,NP,NP,NP,NP,NP,NP,NP,NP,NP,NP,NP,NP,NP,NP,NP,NP,0%,0%,300.46,2.97,NP,NP,NP,NP,NP,NP,2.97,NE,NP,,,,,,,0,0%,0%,0%,100,99%,0,0%,0,0%,34,34%,78,77%,99%,99%,0%,0%,NE,NE,100%,100%,91%,91%,NP,NP,NP,NP,NP,NP,NP,NP,NP,NP,NP,NP,NP,NP,NP,100,100,0,0,NE,NE,34,34,71,71,0,0%,100,99%,0,0%,NE,NE,34,100%,71,91%,NP,NP,NP,NP,NP,NP,NP,NP,NP,NP,NP,NP,NP,NP,NP,NP,NP,NP,NP,NP,NP,NP,NP,NP,NP,NP,NP,NP,NP,NP,NP,NP,NP,NP,NP,NP,NP,NP,NP,NP,NP,NP,NP,NP,NP,NP,NP,NP,NP,NP,NP,NP,NP,NP,NP,NP,NP,NP,NP,NP,NP,NP,NP,NP,NP,NP,NP,NP,NP,NP,NP,NP,NP,NP,NP,NP,NP,NP,NP,NP,NP,NP,NP,NP,NP,NP,NP,NP,NP,NP,NP,NP,NP,NP,NP,NP,NP,NP,58.9,17.3,0,19.6,21.9,21.6,0.3,NP,NP,NP,NP,NP,NP,NP,NP,NE,NE,NE,NE,NE,NE,NE,NP,NP,NP,NP,NP,NP,NP,NP,NP,NP,NP,NP,NP,NP,NP,NP,NP,NP,NP,NP,NP,NP,NP,,,,,,,,,,,,,,,,,,,,,,,,,,,,,,,NP,NP,NP,NP,NP,NP,NP,NP,NP,NP,NP,NP,NP,NP,NP,NP,NP,NP,NP,NP,NP,NP,NP,NP,NP,NP,NP,NP,NP,NP,NP,NP,NP,NP,NP,NP,NP,NP,NP,NP,NP,NP,NP,NP,NP,NP,NP,NP,NP,NP,NP,NP,NP,NP,NP,NP,NP,NP,NP,NP,NP,NP,NP,,,,,,,NE,NE,NE,0%,0%,0%,NP,NP,NP,NP,NP,NP,,,,,,,,,,,,,0%,,,99%,,,,,NP,NP,NP,NP,NP,NP,NP,NP,NE,0%,NP,NP,NP,NP,NP,NP,NP,NP,NP,NP,NE,0%,NP,NP,,,,,,,,,35%,0%,,,,,,,,,6.4,NP,NP,NP,NP,NP,,,,,6.3,NP,NP,NP,NP,NP,,,,,647,31,5%
1,201,6000,100544,David Game College,,31 Jewry Street,London,,,EC3N 2ET,02072216665,E14000639,Cities of London and Westminster,0,0,IND,None,,NA,MIXED,0,0,1,13-22,269,154,115,30,11,37%,19,63%,NP,NP,NP,NP,NP,NP,NP,NP,NP,NP,NP,NP,NP,NP,NP,NP,NP,NP,NP,NA,NA,NA,NA,NA,NA,174,5.8,0,0,12,0.4,105,3.5,57,1.9,57,1.9,0,0,0.5,0.4,NP,NP,NP,NP,NP,NP,NP,NP,NP,NP,NP,NP,NP,NP,NP,NP,NP,NP,NP,NP,NP,0%,0%,11.5,0.38,NP,NP,NP,NP,NP,NP,0.15,0.79,NP,,,,,,,0,0%,0%,0%,0,0%,2,7%,2,7%,0,0%,8,27%,0%,0%,3%,3%,SUPP,SUPP,NE,NE,75%,75%,NP,NP,NP,NP,NP,NP,NP,NP,NP,NP,NP,NP,NP,NP,NP,0,0,1,1,SUPP,SUPP,NE,NE,6,6,0,0%,0,0%,1,3%,SUPP,SUPP,NE,NE,6,75%,NP,NP,NP,NP,NP,NP,NP,NP,NP,NP,NP,NP,NP,NP,NP,NP,NP,NP,NP,NP,NP,NP,NP,NP,NP,NP,NP,NP,NP,NP,NP,NP,NP,NP,NP,NP,NP,NP,NP,NP,NP,NP,NP,NP,NP,NP,NP,NP,NP,NP,NP,NP,NP,NP,NP,NP,NP,NP,NP,NP,NP,NP,NP,NP,NP,NP,NP,NP,NP,NP,NP,NP,NP,NP,NP,NP,NP,NP,NP,NP,NP,NP,NP,NP,NP,NP,NP,NP,NP,NP,NP,NP,NP,NP,NP,NP,NP,NP,3,0,0,1.4,1.6,1.6,0,NP,NP,NP,NP,NP,NP,NP,NP,10.6,0,1.1,7.1,2.5,2.5,0,NP,NP,NP,NP,NP,NP,NP,NP,NP,NP,NP,NP,NP,NP,NP,NP,NP,NP,NP,NP,NP,NP,NP,,,,,,,,,,,,,,,,,,,,,,,,,,,,,,,NP,NP,NP,NP,NP,NP,NP,NP,NP,NP,NP,NP,NP,NP,NP,NP,NP,NP,NP,NP,NP,NP,NP,NP,NP,NP,NP,NP,NP,NP,NP,NP,NP,NP,NP,NP,NP,NP,NP,NP,NP,NP,NP,NP,NP,NP,NP,NP,NP,NP,NP,NP,NP,NP,NP,NP,NP,NP,NP,NP,NP,NP,NP,,,,,,,0%,0%,0%,0%,0%,0%,NP,NP,NP,NP,NP,NP,,,,,,,,,,,,,0%,,,57%,,,,,NP,NP,NP,NP,NP,NP,NP,NP,0%,0%,NP,NP,NP,NP,NP,NP,NP,NP,NP,NP,0%,0%,NP,NP,,,,,,,,,0%,3%,,,,,,,,,1.1,NP,NP,NP,NP,NP,,,,,1.1,NP,NP,NP,NP,NP,,,,,38,9,24%
4,201,,,,,,,,,,,,,,0
1,202,4285,100053,Acland Burghley School,,Burghley Road,,,London,NW5 1UJ,02074858515,E14000750,Holborn and St Pancras,0,0,CY,Does not apply,NSE,OTHER NON SEL,MIXED,1,0,1,11-18,1168,768,400,163,119,73%,44,27%,104.9,27,18%,77,51%,47,31%,69,42%,94,58%,48,29%,113,69%,2,1%,152,93%,11,7%,85,52%,74,45%,8230.5,50.5,1726,10.6,1648,10.1,2500,15.3,2356.5,14.5,2287.5,14,69,0.4,2.7,2.8,151,3,93%,-0.3,-0.53,-0.08,-0.32,-0.55,-0.09,-0.34,-0.6,-0.09,-0.16,-0.41,0.08,-0.15,-0.41,0.11,-0.57,-0.83,-0.31,71%,53%,765.84,4.7,3.42,5.64,1.99,4.08,6.97,4.86,4.35,4.83,4.81,,,,,,,78,48%,37%,28%,157,96%,159,98%,155,95%,149,91%,78,48%,75%,65%,77%,57%,71%,50%,70%,61%,90%,82%,143,92%,137,92%,70,90%,-0.15,-0.39,0.1,-0.03,-0.33,0.28,0.99,0.53,1.45,122,106,126,93,110,77,105,91,70,64,77,47%,157,96%,153,94%,151,97%,143,96%,77,99%,38,68,3,-0.99,-1.32,-0.65,-1.02,-1.36,-0.68,59.7,83,0,0.26,-0.05,0.56,0.26,-0.05,0.57,8.4,-0.94,-1.32,-0.56,7.7,-0.77,-1.14,-0.41,11.2,-0.92,-1.31,-0.54,10.6,-1.33,-1.71,-0.94,12.2,0.15,-0.2,0.49,11.9,0.33,0.01,0.66,18.4,0.49,0.14,0.84,17.3,0.04,-0.31,0.39,10.1,0.5,16.9,0.3,-14.8,-1.14,23.8,27,0,-0.5,-1.03,0.04,-0.5,-1.04,0.05,44.5,77,3,-0.6,-0.91,-0.28,-0.62,-0.95,-0.3,72.7,47,0,0.29,-0.12,0.69,0.29,-0.12,0.7,50.9,10.6,10.3,15.8,14.4,14,0.4,46,1,0.05,-0.35,0.46,0.03,-0.39,0.45,47.8,11,9,14.1,13.7,13.7,0,42,2,-0.35,-0.78,0.08,-0.4,-0.83,0.04,51.5,10.4,10.5,15.8,14.7,14.1,0.6,109,1,-0.29,-0.55,-0.02,-0.29,-0.56,-0.02,51.5,10.7,10.3,15.8,14.8,14.3,0.5,141,2,-0.21,-0.44,0.02,-0.22,-0.46,0.02,,,,,,,,,,,,,,,,,,,,,,,,,,,,,,,5,19%,4%,0%,34,44%,31%,16%,31,66%,62%,62%,29%,62%,20%,12%,49%,39%,-0.55,-0.35,0.36,-0.7,0.27,0.08,-0.55,0.73,-0.49,0.3,SUPP,1.01,0.99,0.26,1.26,-0.33,-1.07,0.58,-0.05,0.05,-1.15,-0.01,-0.68,0.78,-0.05,-0.02,-0.96,0.69,-0.1,0.85,-0.69,-0.13,-0.97,1.25,0.21,1.13,-0.62,1.8,0.73,SUPP,SUPP,1.67,0.36,1.67,0.3,,,,,,,51%,40%,29%,39%,27%,23%,49%,38%,29%,65%,50%,35%,,,,,,,,,,,,,64%,,,98%,,,,,52%,84%,6,22%,53,69%,46,98%,71%,68%,75%,71%,32%,68%,1,4%,34,44%,43,91%,58%,39%,67%,53%,,,,,,,,,4%,21%,,,,,,,,,7.8,6.5,7.7,8.5,7.2,8.3,,,,,7.7,6.2,7.6,8.4,7,8.2,,,,,1276,3,0%
2,202,7137,100092,Camden Centre for Learning (CCfL) Special School,,Harmood Street,Camden,,London,NW1 8DP,02079743953,E14000750,Holborn and St Pancras,0,0,CYS,Does not apply,NA,NA,MIXED,0,0,0,11-16,30,25,5,6,5,83%,1,17%,96.8,3,50%,3,50%,0,0%,3,50%,3,50%,1,17%,5,83%,0,0%,4,67%,,,,,,,9,1.5,3,0.5,6,1,0,0,0,0,0,0,0,0,0,0,6,0,100%,-3.61,-4.73,-2.48,-3.61,-4.76,-2.45,-3.91,-5.2,-2.62,-2.91,-4.13,-1.69,-3.54,-4.85,-2.23,-3.93,-5.23,-2.62,0%,0%,0.5,0.08,SUPP,SUPP,SUPP,SUPP,NE,SUPP,SUPP,SUPP,SUPP,,,,,,,0,0%,0%,0%,0,0%,1,17%,0,0%,0,0%,0,0%,0%,0%,0%,0%,NE,NE,NE,NE,NE,NE,,NE,,NE,,NE,NE,NE,NE,NE,NE,NE,NE,NE,NE,0,0,0,0,NE,NE,NE,NE,NE,NE,0,0%,0,0%,1,17%,NE,NE,NE,NE,NE,NE,SUPP,SUPP,SUPP,SUPP,SUPP,SUPP,SUPP,SUPP,SUPP,SUPP,SUPP,SUPP,SUPP,SUPP,SUPP,SUPP,SUPP,SUPP,SUPP,SUPP,SUPP,SUPP,SUPP,SUPP,SUPP,SUPP,SUPP,SUPP,SUPP,SUPP,SUPP,SUPP,SUPP,SUPP,SUPP,SUPP,SUPP,SUPP,SUPP,SUPP,SUPP,SUPP,SUPP,SUPP,SUPP,SUPP,SUPP,SUPP,SUPP,SUPP,SUPP,SUPP,SUPP,SUPP,SUPP,SUPP,SUPP,SUPP,SUPP,SUPP,SUPP,SUPP,SUPP,SUPP,SUPP,SUPP,SUPP,SUPP,SUPP,SUPP,SUPP,SUPP,SUPP,SUPP,NE,NE,NE,NE,NE,NE,NE,NE,NE,SUPP,SUPP,SUPP,SUPP,SUPP,SUPP,SUPP,SUPP,SUPP,SUPP,SUPP,SUPP,SUPP,SUPP,SUPP,SUPP,SUPP,SUPP,SUPP,SUPP,SUPP,SUPP,SUPP,SUPP,SUPP,SUPP,SUPP,SUPP,SUPP,SUPP,SUPP,SUPP,SUPP,SUPP,SUPP,SUPP,SUPP,SUPP,SUPP,SUPP,SUPP,SUPP,SUPP,SUPP,SUPP,SUPP,SUPP,SUPP,SUPP,SUPP,SUPP,SUPP,SUPP,SUPP,SUPP,SUPP,SUPP,SUPP,SUPP,SUPP,,,,,,,,,,,,,,,,,,,,,,,,,,,,,,,SUPP,SUPP,SUPP,SUPP,SUPP,SUPP,SUPP,SUPP,NE,NE,NE,NE,SUPP,SUPP,SUPP,SUPP,SUPP,SUPP,SUPP,SUPP,NE,SUPP,SUPP,SUPP,SUPP,NE,SUPP,SUPP,SUPP,SUPP,NE,SUPP,SUPP,SUPP,SUPP,SUPP,SUPP,SUPP,SUPP,SUPP,SUPP,NE,NE,SUPP,SUPP,SUPP,SUPP,SUPP,SUPP,SUPP,SUPP,NE,NE,SUPP,SUPP,SUPP,SUPP,SUPP,SUPP,SUPP,SUPP,NE,NE,,,,,,,SUPP,SUPP,SUPP,SUPP,SUPP,SUPP,SUPP,SUPP,SUPP,SUPP,SUPP,SUPP,,,,,,,,,,,,,0%,,,17%,,,,,SUPP,SUPP,SUPP,SUPP,SUPP,SUPP,NE,NE,SUPP,SUPP,SUPP,SUPP,SUPP,SUPP,SUPP,SUPP,SUPP,SUPP,NE,NE,SUPP,SUPP,SUPP,SUPP,,,,,,,,,0%,0%,,,,,,,,,0.3,SUPP,SUPP,NE,SUPP,SUPP,,,,,0.3,SUPP,SUPP,NE,SUPP,SUPP,,,,,2,0,0%
1,202,4611,100054,The Camden School for Girls,,Sandall Road,,,London,NW5 2DB,02074853414,E14000750,Holborn and St Pancras,0,0,VA,None,NSE,OTHER NON SEL,GIRLS,0,0,1,11-18,1069,162,907,117,0,0%,117,100%,109.2,6,6%,52,50%,46,44%,41,35%,76,65%,45,38%,72,62%,0,0%,117,100%,3,3%,19,16%,16,14%,8034.3,68.7,1656,14.2,1588,13.6,2424.5,20.7,2365.8,20.2,2336,20,29.8,0.3,2.9,3,104,0,89%,0.73,0.46,1.01,0.73,0.46,1.01,0.73,0.42,1.04,0.72,0.43,1.02,0.83,0.51,1.14,0.65,0.34,0.97,96%,87%,764.16,6.53,5.24,7.23,2.31,5.93,7.55,6.51,6.53,NE,6.53,,,,,,,83,71%,64%,60%,117,100%,117,100%,117,100%,88,75%,102,87%,98%,93%,97%,88%,95%,86%,98%,98%,92%,89%,104,89%,76,86%,90,88%,0.81,0.52,1.09,1.17,0.76,1.57,1.12,0.72,1.52,115,109,113,103,111,101,86,86,94,91,82,70%,117,100%,116,99%,117,100%,88,100%,101,99%,56.9,41,0,0.21,-0.22,0.64,0.21,-0.23,0.65,75,63,0,1.08,0.73,1.42,1.08,0.72,1.43,12.1,0.27,-0.22,0.76,11.5,0.39,-0.08,0.86,16.5,0.17,-0.34,0.67,16.8,0.1,-0.4,0.6,15.3,1.03,0.63,1.42,14.7,0.94,0.56,1.32,23,1.26,0.86,1.67,22.1,1.01,0.61,1.41,16.3,0.5,21.9,0.1,4.1,0.06,30.2,6,0,-0.69,-1.82,0.44,-0.69,-1.84,0.46,63.7,52,0,0.93,0.55,1.31,0.93,0.54,1.32,77.7,46,0,0.7,0.29,1.11,0.7,0.28,1.12,69.5,14.3,14,21,20.3,20.1,0.2,42,0,1,0.57,1.43,1,0.57,1.44,68.7,14.2,13.6,20.7,20.2,20,0.3,104,0,0.73,0.46,1.01,0.73,0.46,1.01,NE,NE,NE,NE,NE,NE,NE,NE,NE,NE,NE,NE,NE,NE,NE,68.7,14.2,13.6,20.7,20.2,20,0.3,104,0,0.73,0.46,1.01,0.73,0.46,1.01,,,,,,,,,,,,,,,,,,,,,,,,,,,,,,,0,0%,0%,0%,33,63%,56%,48%,38,83%,78%,76%,56%,79%,49%,39%,72%,71%,-0.35,0.92,0.83,0.34,1.11,NE,1.47,0.88,0.84,1.34,SUPP,1.16,1.13,0.35,1.48,0.79,-0.11,1.47,0.75,0.82,-1.52,1.32,0.52,1.25,0.41,1.53,0.14,1.84,0.84,NE,NE,2.05,0.89,1.44,0.31,1.06,-0.36,1.97,0.99,SUPP,SUPP,1.73,0.59,1.7,0.55,,,,,,,NE,NE,NE,71%,64%,60%,71%,64%,60%,64%,53%,49%,,,,,,,,,,,,,95%,,,100%,,,,,90%,99%,3,50%,51,98%,45,98%,NE,96%,98%,96%,73%,95%,1,17%,44,85%,44,96%,NE,87%,89%,87%,,,,,,,,,16%,23%,,,,,,,,,9.1,7.2,8.9,9.3,8.6,9.4,,,,,8.9,6.5,8.7,9.2,8.2,9.3,,,,,1063,7,1%
1,202,6004,142408,Ecole Jeannine Manuel,,43-45 Bedford Square,Bloomsbury,,London,WC1B 3DN,02038295974,E14000750,Holborn and St Pancras,0,0,IND,None,,NA,MIXED,0,0,1,3-18,583,290,293,24,12,50%,12,50%,NP,NP,NP,NP,NP,NP,NP,NP,NP,NP,NP,NP,NP,NP,NP,NP,NP,NP,NP,NA,NA,NA,NA,NA,NA,NE,NE,NE,NE,NE,NE,NE,NE,NE,NE,NE,NE,NE,NE,NE,NE,NP,NP,NP,NP,NP,NP,NP,NP,NP,NP,NP,NP,NP,NP,NP,NP,NP,NP,NP,NP,NP,NE,NE,NE,NE,NP,NP,NP,NP,NP,NP,NE,NE,NP,,,,,,,NE,NE,NE,NE,NE,NE,NE,NE,NE,NE,NE,NE,NE,NE,NE,NE,NE,NE,NE,NE,NE,NE,NE,NE,NP,NP,NP,NP,NP,NP,NP,NP,NP,NP,NP,NP,NP,NP,NP,NE,NE,NE,NE,NE,NE,NE,NE,NE,NE,NE,NE,NE,NE,NE,NE,NE,NE,NE,NE,NE,NE,NP,NP,NP,NP,NP,NP,NP,NP,NP,NP,NP,NP,NP,NP,NP,NP,NP,NP,NP,NP,NP,NP,NP,NP,NP,NP,NP,NP,NP,NP,NP,NP,NP,NP,NP,NP,NP,NP,NP,NP,NP,NP,NP,NP,NP,NP,NP,NP,NP,NP,NP,NP,NP,NP,NP,NP,NP,NP,NP,NP,NP,NP,NP,NP,NP,NP,NP,NP,NP,NP,NP,NP,NP,NP,NP,NP,NP,NP,NP,NP,NP,NP,NP,NP,NP,NP,NP,NP,NP,NP,NP,NP,NP,NP,NP,NP,NP,NP,NE,NE,NE,NE,NE,NE,NE,NP,NP,NP,NP,NP,NP,NP,NP,NE,NE,NE,NE,NE,NE,NE,NP,NP,NP,NP,NP,NP,NP,NP,NP,NP,NP,NP,NP,NP,NP,NP,NP,NP,NP,NP,NP,NP,NP,,,,,,,,,,,,,,,,,,,,,,,,,,,,,,,NP,NP,NP,NP,NP,NP,NP,NP,NP,NP,NP,NP,NP,NP,NP,NP,NP,NP,NP,NP,NP,NP,NP,NP,NP,NP,NP,NP,NP,NP,NP,NP,NP,NP,NP,NP,NP,NP,NP,NP,NP,NP,NP,NP,NP,NP,NP,NP,NP,NP,NP,NP,NP,NP,NP,NP,NP,NP,NP,NP,NP,NP,NP,,,,,,,NE,NE,NE,NE,NE,NE,NP,NP,NP,NP,NP,NP,,,,,,,,,,,,,NE,,,NE,,,,,NP,NP,NP,NP,NP,NP,NP,NP,NE,NE,NP,NP,NP,NP,NP,NP,NP,NP,NP,NP,NE,NE,NP,NP,,,,,,,,,NE,NE,,,,,,,,,NE,NP,NP,NP,NP,NP,,,,,NE,NP,NP,NP,NP,NP,,,,,NE,NE,NE
1,202,6387,100084,Fine Arts College,,Centre Studios,41-43 Englands Lane,Belsize Park,London,NW3 4YD,02075860312,E14000727,Hampstead and Kilburn,0,0,IND,None,,NA,MIXED,0,0,1,13-19,209,71,138,72,18,25%,54,75%,NP,NP,NP,NP,NP,NP,NP,NP,NP,NP,NP,NP,NP,NP,NP,NP,NP,NP,NP,NA,NA,NA,NA,NA,NA,608,8.4,157,2.2,118,1.6,86,1.2,247,3.4,247,3.4,0,0,0.3,0.6,NP,NP,NP,NP,NP,NP,NP,NP,NP,NP,NP,NP,NP,NP,NP,NP,NP,NP,NP,NP,NP,11%,7%,29.17,0.41,NP,NP,NP,NP,NP,NP,0.43,0.33,NP,,,,,,,0,0%,0%,0%,15,21%,14,19%,2,3%,0,0%,2,3%,15%,14%,13%,10%,SUPP,SUPP,NE,NE,SUPP,SUPP,NP,NP,NP,NP,NP,NP,NP,NP,NP,NP,NP,NP,NP,NP,NP,11,10,9,7,SUPP,SUPP,NE,NE,SUPP,SUPP,0,0%,15,21%,14,19%,SUPP,SUPP,NE,NE,SUPP,SUPP,NP,NP,NP,NP,NP,NP,NP,NP,NP,NP,NP,NP,NP,NP,NP,NP,NP,NP,NP,NP,NP,NP,NP,NP,NP,NP,NP,NP,NP,NP,NP,NP,NP,NP,NP,NP,NP,NP,NP,NP,NP,NP,NP,NP,NP,NP,NP,NP,NP,NP,NP,NP,NP,NP,NP,NP,NP,NP,NP,NP,NP,NP,NP,NP,NP,NP,NP,NP,NP,NP,NP,NP,NP,NP,NP,NP,NP,NP,NP,NP,NP,NP,NP,NP,NP,NP,NP,NP,NP,NP,NP,NP,NP,NP,NP,NP,NP,NP,8.5,10.8,7.6,5.6,17.5,17.5,0,NP,NP,NP,NP,NP,NP,NP,NP,8.4,7.6,6.8,4.8,11,11,0,NP,NP,NP,NP,NP,NP,NP,NP,NP,NP,NP,NP,NP,NP,NP,NP,NP,NP,NP,NP,NP,NP,NP,,,,,,,,,,,,,,,,,,,,,,,,,,,,,,,NP,NP,NP,NP,NP,NP,NP,NP,NP,NP,NP,NP,NP,NP,NP,NP,NP,NP,NP,NP,NP,NP,NP,NP,NP,NP,NP,NP,NP,NP,NP,NP,NP,NP,NP,NP,NP,NP,NP,NP,NP,NP,NP,NP,NP,NP,NP,NP,NP,NP,NP,NP,NP,NP,NP,NP,NP,NP,NP,NP,NP,NP,NP,,,,,,,0%,0%,0%,0%,0%,0%,NP,NP,NP,NP,NP,NP,,,,,,,,,,,,,11%,,,22%,,,,,NP,NP,NP,NP,NP,NP,NP,NP,0%,15%,NP,NP,NP,NP,NP,NP,NP,NP,NP,NP,0%,9%,NP,NP,,,,,,,,,0%,3%,,,,,,,,,1.5,NP,NP,NP,NP,NP,,,,,1.5,NP,NP,NP,NP,NP,,,,,112,0,0%
