Code,Subject,         Level,Year,    Total,         A,         B,         C,         D,         E,         F,         NG,
  1,IRISH                  ,A,   2016,29770,        11.90,    35.80,    36.60,    14.50,     1.10,     0.20,     0.00,
  1,IRISH                  ,B,   2016, 1224,         8.40,    32.20,    38.10,    19.00,     2.00,     0.20,     0.00,
  1,IRISH                  ,G,   2016,21566,         2.50,    29.80,    43.80,    20.20,     3.10,     0.50,     0.00,
  3,MATHEMATICS            ,A,   2016,32830,        11.70,    31.60,    33.00,    20.20,     3.10,     0.40,     0.00,
  3,MATHEMATICS            ,B,   2016, 2978,         9.50,    36.60,    34.80,    15.60,     2.60,     0.80,     0.10,
  3,MATHEMATICS            ,G,   2016,23781,         7.60,    30.80,    33.40,    22.10,     4.90,     1.10,     0.10,
  4,HISTORY                ,A,   2016,39993,        16.30,    24.60,    27.60,    21.60,     7.80,     2.00,     0.10,
  4,HISTORY                ,G,   2016,14254,        12.40,    30.30,    30.50,    22.30,     2.70,     1.60,     0.30,
  5,GEOGRAPHY              ,A,   2016,47594,         8.60,    30.90,    34.30,    22.70,     3.30,     0.30,     0.00,
  5,GEOGRAPHY              ,G,   2016, 8161,         9.00,    35.60,    31.10,    18.80,     4.30,     1.20,     0.10,
  6,LATIN                  ,A,   2016,  255,        32.50,    29.80,    21.60,    11.80,     4.30,     0.00,     0.00,
  6,LATIN                  ,G,   2016,   14,         7.10,    28.60,    28.60,    14.30,    14.30,     7.10,     0.00,
  7,ANCIENT GREEK          ,A,   2016,   39,        28.20,    35.90,    12.80,    15.40,     7.70,     0.00,     0.00,
  8,CLASSICAL STUDIES      ,A,   2016,  516,        20.70,    28.10,    27.70,    17.60,     3.90,     1.70,     0.20,
  8,CLASSICAL STUDIES      ,G,   2016,   56,         5.40,    33.90,    26.80,    17.90,     7.10,     5.40,     3.60,
 10,FRENCH                 ,A,   2016,24197,        10.50,    28.20,    33.20,    22.90,     4.70,     0.60,     0.00,
 10,FRENCH                 ,G,   2016, 7412,         3.30,    24.30,    36.50,    28.30,     6.20,     1.20,     0.10,
 11,GERMAN                 ,A,   2016, 9128,        12.20,    31.80,    31.90,    19.50,     4.00,     0.60,     0.10,
 11,GERMAN                 ,G,   2016, 2705,         4.40,    35.90,    34.60,    17.60,     5.00,     2.10,     0.40,
 12,SPANISH                ,A,   2016, 6874,        14.80,    32.40,    31.10,    18.30,     3.00,     0.50,     0.00,
 12,SPANISH                ,G,   2016, 2170,         5.30,    32.50,    33.50,    20.00,     6.20,     2.10,     0.50,
 13,ITALIAN                ,A,   2016,  339,        20.90,    23.90,    31.30,    18.30,     5.00,     0.60,     0.00,
 13,ITALIAN                ,G,   2016,  120,         2.50,    24.20,    28.30,    32.50,     9.20,     3.30,     0.00,
 40,TYPEWRITING            ,A,   2016,   14,        14.30,    57.10,    21.40,     7.10,     0.00,     0.00,     0.00,
 41,ART  CRAFT  DESIGN     ,A,   2016,15588,        23.10,    32.70,    32.70,    10.10,     1.10,     0.20,     0.00,
 41,ART  CRAFT  DESIGN     ,G,   2016, 5127,        11.70,    32.60,    33.30,    15.20,     4.80,     2.20,     0.20,
 42,BUSINESS STUDIES       ,A,   2016,26162,         9.40,    35.80,    34.90,    17.00,     2.40,     0.40,     0.00,
 42,BUSINESS STUDIES       ,G,   2016, 7376,         7.80,    40.50,    31.10,    13.80,     4.20,     2.30,     0.40,
 46,MUSIC                  ,A,   2016, 9050,        14.90,    42.10,    29.60,    12.00,     1.00,     0.50,     0.00,
 46,MUSIC                  ,G,   2016, 1728,         2.30,    27.20,    39.90,    22.40,     3.60,     4.30,     0.30,
 47,MATERIAL TECHNOLOGY (W ,A,   2016,13636,         8.80,    40.50,    35.50,    12.70,     1.70,     0.60,     0.30,
 47,MATERIAL TECHNOLOGY (W ,G,   2016, 2745,         5.90,    35.10,    35.30,    15.30,     3.60,     3.40,     1.40,
 48,TECHNICAL GRAPHICS     ,A,   2016, 8684,        15.00,    31.60,    30.40,    18.40,     3.80,     0.70,     0.00,
 48,TECHNICAL GRAPHICS     ,G,   2016, 3247,        12.40,    35.50,    26.50,    19.00,     5.00,     1.60,     0.20,
 52,HOME ECONOMICS         ,A,   2016,17927,        13.60,    47.90,    31.00,     6.80,     0.50,     0.20,     0.10,
 52,HOME ECONOMICS         ,G,   2016, 3537,         2.00,    37.20,    44.20,    11.20,     2.90,     1.60,     0.90,
 54,METALWORK              ,A,   2016, 6257,        12.50,    48.70,    25.50,    10.90,     1.60,     0.60,     0.20,
 54,METALWORK              ,G,   2016, 1630,        11.40,    46.80,    19.90,    10.50,     5.20,     5.00,     1.10,
 57,SCIENCE                ,A,   2016,43898,         9.70,    30.20,    34.70,    22.90,     2.30,     0.20,     0.00,
 57,SCIENCE                ,G,   2016,11573,         1.70,    35.50,    45.20,    14.30,     2.30,     0.80,     0.10,
 65,TECHNOLOGY             ,A,   2016, 3154,         9.30,    31.30,    34.60,    20.00,     3.70,     0.90,     0.20,
 65,TECHNOLOGY             ,G,   2016,  422,         4.50,    29.40,    34.10,    20.60,     6.20,     3.80,     1.40,
 81,ENVIRON & SOCIAL STUDI ,A,   2016,  206,         4.40,    30.10,    48.10,    16.50,     1.00,     0.00,     0.00,
 81,ENVIRON & SOCIAL STUDI ,G,   2016,  330,         5.50,    34.20,    30.90,    20.00,     4.20,     3.90,     1.20,
218,C.S.P.E                ,C,   2016,58627,        21.30,    41.70,    25.90,     8.80,     1.60,     0.70,     0.10,
220,RELIGIOUS EDUCATION    ,A,   2016,22847,        13.70,    39.30,    34.80,    10.90,     1.00,     0.30,     0.00,
220,RELIGIOUS EDUCATION    ,G,   2016, 4421,        11.10,    32.90,    34.00,    15.70,     4.40,     1.50,     0.30,
                            A,
  1,IRISH                  ,A,   2017,31092,        11.00,    32.90,    37.90,    16.30,     1.70,     0.20,     0.00,
  1,IRISH                  ,B,   2017, 1008,         8.20,    33.20,    36.80,    17.90,     3.00,     0.60,     0.30,
  1,IRISH                  ,G,   2017,21738,         3.10,    23.70,    39.30,    26.60,     6.10,     1.10,     0.10,
  3,MATHEMATICS            ,A,   2017,34820,        14.10,    28.30,    31.70,    21.40,     3.90,     0.50,     0.00,
  3,MATHEMATICS            ,B,   2017, 2639,         8.90,    33.10,    41.30,    14.50,     1.90,     0.20,     0.00,
  3,MATHEMATICS            ,G,   2017,23573,         6.20,    29.60,    35.10,    23.20,     4.70,     1.10,     0.10,
  4,HISTORY                ,A,   2017,41632,        15.00,    26.60,    27.40,    21.90,     7.70,     1.30,     0.10,
  4,HISTORY                ,G,   2017,14001,        12.30,    32.30,    29.60,    21.90,     2.90,     0.90,     0.10,
  5,GEOGRAPHY              ,A,   2017,48460,         8.40,    30.60,    34.20,    22.90,     3.60,     0.30,     0.00,
  5,GEOGRAPHY              ,G,   2017, 8053,         7.40,    31.50,    31.80,    21.50,     5.40,     2.20,     0.10,
  6,LATIN                  ,A,   2017,  247,        31.60,    26.30,    17.00,    13.80,     9.30,     1.60,     0.40,
  7,ANCIENT GREEK          ,A,   2017,   26,        38.50,    30.80,     7.70,    11.50,     3.80,     3.80,     3.80,
  8,CLASSICAL STUDIES      ,A,   2017,  503,        20.50,    36.60,    25.60,    14.50,     2.20,     0.60,     0.00,
  8,CLASSICAL STUDIES      ,G,   2017,   69,        13.00,    24.60,    18.80,    27.50,    13.00,     1.40,     1.40,
 10,FRENCH                 ,A,   2017,23699,        10.30,    27.20,    35.10,    23.00,     3.90,     0.50,     0.00,
 10,FRENCH                 ,G,   2017, 7885,         3.30,    24.60,    35.10,    26.00,     8.60,     2.30,     0.10,
 11,GERMAN                 ,A,   2017, 9296,        11.80,    29.10,    30.10,    21.90,     6.20,     0.80,     0.10,
 11,GERMAN                 ,G,   2017, 2734,         5.00,    36.60,    33.70,    16.70,     5.30,     2.20,     0.40,
 12,SPANISH                ,A,   2017, 7742,        14.60,    30.80,    29.60,    18.70,     5.10,     1.20,     0.10,
 12,SPANISH                ,G,   2017, 2489,         5.70,    32.60,    32.00,    18.80,     7.10,     2.90,     0.80,
 13,ITALIAN                ,A,   2017,  334,        21.00,    21.90,    25.10,    24.90,     6.30,     0.90,     0.00,
 13,ITALIAN                ,G,   2017,   99,         4.00,     9.10,    43.40,    31.30,     9.10,     3.00,     0.00,
 41,ART  CRAFT  DESIGN     ,A,   2017,15462,        22.90,    32.90,    32.90,    10.30,     0.80,     0.20,     0.00,
 41,ART  CRAFT  DESIGN     ,G,   2017, 4752,        13.20,    30.90,    33.20,    15.90,     4.40,     2.10,     0.40,
 42,BUSINESS STUDIES       ,A,   2017,27286,         8.50,    34.90,    36.60,    17.80,     1.80,     0.30,     0.00,
 42,BUSINESS STUDIES       ,G,   2017, 7211,         7.80,    40.40,    28.70,    15.10,     4.60,     2.90,     0.50,
 46,MUSIC                  ,A,   2017, 9271,        12.60,    42.30,    31.90,    11.80,     0.80,     0.60,     0.00,
 46,MUSIC                  ,G,   2017, 1661,         1.30,    22.00,    45.30,    22.50,     3.50,     5.20,     0.20,
 47,MATERIAL TECHNOLOGY (W ,A,   2017,14142,         8.30,    37.60,    36.50,    14.70,     2.00,     0.70,     0.30,
 47,MATERIAL TECHNOLOGY (W ,G,   2017, 2941,         5.60,    35.30,    32.80,    17.10,     3.50,     4.00,     1.60,
 48,TECHNICAL GRAPHICS     ,A,   2017, 8912,        14.50,    31.70,    31.00,    18.60,     3.40,     0.70,     0.10,
 48,TECHNICAL GRAPHICS     ,G,   2017, 3500,        11.70,    35.10,    26.00,    18.10,     5.90,     3.10,     0.20,
 52,HOME ECONOMICS         ,A,   2017,18872,        13.40,    50.00,    30.00,     6.00,     0.40,     0.20,     0.10,
 52,HOME ECONOMICS         ,G,   2017, 3385,         1.30,    33.10,    46.70,    12.80,     3.50,     1.70,     0.90,
 54,METALWORK              ,A,   2017, 6230,        11.00,    43.80,    31.00,    11.20,     2.00,     0.60,     0.40,
 54,METALWORK              ,G,   2017, 1594,         7.40,    35.60,    28.40,    16.10,     6.90,     4.40,     1.20,
 57,SCIENCE                ,A,   2017,45709,         9.50,    28.80,    37.80,    22.10,     1.60,     0.20,     0.00,
 57,SCIENCE                ,G,   2017,11499,         1.40,    32.50,    47.20,    15.40,     2.70,     0.90,     0.10,
 65,TECHNOLOGY             ,A,   2017, 3163,         7.90,    27.70,    36.30,    21.80,     5.00,     1.10,     0.20,
 65,TECHNOLOGY             ,G,   2017,  413,         3.60,    27.10,    33.90,    22.00,     8.70,     3.40,     1.20,
 81,ENVIRON & SOCIAL STUDI ,A,   2017,  210,         2.40,    32.90,    50.00,    12.40,     1.40,     1.00,     0.00,
 81,ENVIRON & SOCIAL STUDI ,G,   2017,  313,         9.30,    38.30,    32.60,    12.10,     5.40,     1.60,     0.60,
218,C.S.P.E                ,C,   2017,58944,        20.50,    41.20,    26.40,     9.30,     1.70,     0.80,     0.10,
220,RELIGIOUS EDUCATION    ,A,   2017,23041,        13.20,    39.30,    34.00,    12.00,     1.30,     0.20,     0.00,
220,RELIGIOUS EDUCATION    ,G,   2017, 4396,        11.50,    36.90,    35.00,    12.50,     2.80,     1.20,     0.10,
                            A,
  1,IRISH                  ,A,   2018,31472,        11.60,    35.30,    37.30,    14.20,     1.40,     0.20,     0.00,
  1,IRISH                  ,B,   2018, 1088,         9.70,    32.40,    34.70,    18.40,     3.10,     1.30,     0.30,
  1,IRISH                  ,G,   2018,21822,         3.30,    28.70,    40.20,    22.70,     4.40,     0.60,     0.10,
  3,MATHEMATICS            ,A,   2018,35443,        12.20,    30.00,    32.00,    21.30,     3.90,     0.60,     0.00,
  3,MATHEMATICS            ,B,   2018, 2665,         9.50,    36.80,    33.30,    16.50,     3.10,     0.70,     0.20,
  3,MATHEMATICS            ,G,   2018,23833,         6.20,    34.10,    33.60,    19.70,     4.90,     1.40,     0.10,
  4,HISTORY                ,A,   2018,40914,        17.30,    26.90,    25.70,    20.30,     7.80,     1.90,     0.10,
  4,HISTORY                ,G,   2018,14948,        11.60,    27.90,    31.10,    24.80,     3.20,     1.20,     0.10,
  5,GEOGRAPHY              ,A,   2018,49389,         8.10,    32.80,    33.40,    22.10,     3.40,     0.20,     0.00,
  5,GEOGRAPHY              ,G,   2018, 7861,         8.30,    31.80,    32.80,    20.00,     5.40,     1.60,     0.00,
  6,LATIN                  ,A,   2018,  224,        31.30,    21.90,    18.30,    15.60,     9.40,     2.20,     1.30,
  6,LATIN                  ,G,   2018,   15,         6.70,     6.70,    26.70,    33.30,    13.30,    13.30,     0.00,
  7,ANCIENT GREEK          ,A,   2018,   33,        48.50,    15.20,    27.30,     3.00,     0.00,     6.10,     0.00,
  8,CLASSICAL STUDIES      ,A,   2018,  564,        21.10,    32.40,    27.00,    14.50,     4.30,     0.70,     0.00,
  8,CLASSICAL STUDIES      ,G,   2018,   76,         5.30,    26.30,    25.00,    15.80,     6.60,    15.80,     5.30,
 10,FRENCH                 ,A,   2018,23624,        10.70,    28.60,    33.90,    22.20,     4.00,     0.50,     0.00,
 10,FRENCH                 ,G,   2018, 7442,         2.20,    21.10,    35.10,    29.80,     9.70,     2.00,     0.10,
 11,GERMAN                 ,A,   2018, 9612,        13.00,    30.60,    30.60,    20.10,     4.70,     1.00,     0.10,
 11,GERMAN                 ,G,   2018, 2854,         5.00,    34.90,    34.80,    18.10,     4.90,     2.20,     0.20,
 12,SPANISH                ,A,   2018, 7804,        15.70,    30.60,    30.50,    17.90,     4.20,     1.00,     0.10,
 12,SPANISH                ,G,   2018, 2757,         6.00,    34.60,    32.40,    17.20,     5.60,     3.10,     1.10,
 13,ITALIAN                ,A,   2018,  320,        22.50,    20.30,    25.00,    24.70,     6.90,     0.30,     0.30,
 13,ITALIAN                ,G,   2018,   94,         1.10,    18.10,    28.70,    41.50,     6.40,     4.30,     0.00,
 41,ART  CRAFT  DESIGN     ,A,   2018,15355,        20.20,    31.90,    34.80,    11.80,     1.10,     0.20,     0.00,
 41,ART  CRAFT  DESIGN     ,G,   2018, 4445,         8.50,    29.50,    35.20,    18.30,     5.70,     2.50,     0.30,
 42,BUSINESS STUDIES       ,A,   2018,27839,         9.80,    31.80,    33.70,    20.50,     3.60,     0.50,     0.10,
 42,BUSINESS STUDIES       ,G,   2018, 7006,         8.10,    37.20,    29.80,    15.50,     5.60,     3.40,     0.40,
 46,MUSIC                  ,A,   2018, 8924,        14.80,    39.30,    31.10,    13.20,     1.10,     0.60,     0.00,
 46,MUSIC                  ,G,   2018, 1638,         1.40,    24.70,    39.40,    24.40,     4.00,     5.90,     0.20,
 47,MATERIAL TECHNOLOGY (W ,A,   2018,14635,         7.90,    37.50,    35.70,    15.90,     2.10,     0.70,     0.30,
 47,MATERIAL TECHNOLOGY (W ,G,   2018, 2837,         4.80,    28.90,    38.40,    19.40,     3.70,     3.50,     1.40,
 48,TECHNICAL GRAPHICS     ,A,   2018, 9447,        14.80,    31.60,    30.80,    18.70,     3.20,     0.80,     0.10,
 48,TECHNICAL GRAPHICS     ,G,   2018, 3599,        11.70,    34.60,    26.30,    18.60,     6.20,     2.30,     0.30,
 52,HOME ECONOMICS         ,A,   2018,19152,        12.80,    49.30,    30.50,     6.60,     0.60,     0.20,     0.10,
 52,HOME ECONOMICS         ,G,   2018, 3494,         1.30,    32.30,    43.70,    15.50,     3.90,     2.00,     1.20,
 54,METALWORK              ,A,   2018, 6450,        10.80,    42.20,    30.00,    13.60,     2.40,     0.60,     0.40,
 54,METALWORK              ,G,   2018, 1592,         6.40,    33.40,    26.80,    19.70,     7.50,     5.30,     0.80,
 57,SCIENCE                ,A,   2018,46423,         9.20,    32.40,    38.20,    18.80,     1.20,     0.20,     0.00,
 57,SCIENCE                ,G,   2018,11785,         1.20,    33.60,    48.00,    13.60,     2.80,     0.80,     0.10,
 65,TECHNOLOGY             ,A,   2018, 3573,         7.60,    29.20,    35.20,    22.10,     4.30,     1.50,     0.20,
 65,TECHNOLOGY             ,G,   2018,  497,         5.00,    24.50,    31.60,    22.90,     9.90,     5.20,     0.80,
 81,ENVIRON & SOCIAL STUDI ,A,   2018,  241,         6.20,    35.70,    39.00,    18.70,     0.00,     0.40,     0.00,
 81,ENVIRON & SOCIAL STUDI ,G,   2018,  228,         6.10,    35.10,    28.90,    18.40,     6.10,     4.40,     0.90,
218,C.S.P.E                ,C,   2018,59361,        20.80,    42.40,    25.70,     8.50,     1.70,     0.80,     0.10,
220,RELIGIOUS EDUCATION    ,A,   2018,22609,        13.30,    39.00,    34.50,    11.40,     1.40,     0.20,     0.00,
220,RELIGIOUS EDUCATION    ,G,   2018, 4561,        11.20,    35.00,    35.20,    13.40,     3.70,     1.30,     0.20,
                            G,
